 ,Line Item,Description,Projected Budget,Projected Commitments,Estimate at Completion,Actuals To Date,Actuals + Projections,Oct 2021,Nov 2021,Dec 2021,Jan 2022,Feb 2022,Mar 2022,Apr 2022,May 2022,Jun 2022,Jul 2022,Aug 2022,Sep 2022,Oct 2022,Nov 2022,Dec 2022,Jan 2023,Feb 2023,Mar 2023,Apr 2023,May 2023,Jun 2023,Jul 2023,Aug 2023,Sep 2023,Oct 2023,Nov 2023,Dec 2023,Jan 2024,Feb 2024,Mar 2024,Apr 2024,May 2024,Jun 2024,Jul 2024,Aug 2024,Sep 2024,Oct 2024,Nov 2024,Dec 2024,Jan 2025,Feb 2025,Mar 2025,Apr 2025,May 2025,Jun 2025,Jul 2025,Aug 2025,Sep 2025,Oct 2025,Nov 2025,Dec 2025,Jan 2026,Feb 2026,Mar 2026,Apr 2026,May 2026,Jun 2026,Jul 2026,Aug 2026,Sep 2026,Oct 2026,Nov 2026,Dec 2026,Jan 2027,Feb 2027,Mar 2027,Apr 2027,May 2027,Jun 2027,Jul 2027,Aug 2027,Sep 2027,Oct 2027,Nov 2027,Dec 2027,Jan 2028,Feb 2028,Mar 2028,Apr 2028,May 2028,Jun 2028,Jul 2028,Aug 2028,Sep 2028,Oct 2028,Nov 2028,Dec 2028,Jan 2029,Feb 2029,Mar 2029,Apr 2029,May 2029,Jun 2029,Jul 2029,Aug 2029,Sep 2029,Oct 2029,Nov 2029,Dec 2029,Jan 2030,Feb 2030,Mar 2030,Apr 2030,May 2030,Jun 2030,Jul 2030,Aug 2030,Sep 2030,Oct 2030,Nov 2030,Dec 2030,Jan 2031,Feb 2031,Mar 2031,Apr 2031,May 2031,Jun 2031,Jul 2031,Aug 2031,Sep 2031,Oct 2031,Nov 2031,Dec 2031,Jan 2032,Feb 2032,Mar 2032,Apr 2032,May 2032,Jun 2032,Jul 2032,Aug 2032,Sep 2032,Oct 2032,Nov 2032,Dec 2032,Jan 2033,Feb 2033,Mar 2033,Apr 2033,May 2033,Jun 2033,Jul 2033,Aug 2033,Sep 2033
,00,Site Clearance of Hazardous or Obstructing Existing Conditions Prior to Prime Contract,"2,300,000.00",0.00,"2,300,000.00",0.00,"2,300,000.00",0.00,0.00,0.00,0.00,0.00,0.00,0.00,0.00,0.00,0.00,0.00,0.00,0.00,0.00,0.00,0.00,0.00,0.00,0.00,0.00,0.00,0.00,0.00,0.00,0.00,0.00,0.00,0.00,0.00,0.00,0.00,0.00,0.00,0.00,0.00,0.00,0.00,0.00,0.00,0.00,0.00,0.00,0.00,0.00,0.00,0.00,0.00,0.00,0.00,0.00,0.00,0.00,0.00,0.00,0.00,0.00,0.00,0.00,0.00,0.00,0.00,0.00,0.00,0.00,0.00,0.00,"61,800.96","61,800.93","61,800.88","61,796.19","61,800.63","61,800.34","61,799.83","61,798.93","61,797.41","61,790.25","61,790.63","61,783.82","61,772.98","61,756.08","61,730.18","61,686.62","61,633.61","61,549.98","61,430.72","61,263.71","61,033.98","60,723.63","60,307.35","59,775.19","59,088.28","58,224.73","57,158.48","55,865.44","54,321.36","52,523.81","50,453.77","48,117.77","45,528.67","42,710.21","39,693.95","36,532.64","33,268.97","29,962.94","26,673.72","23,459.59","20,373.45","17,467.32","14,775.27","12,327.38","10,141.19","8,223.57","6,571.50","5,173.27","4,011.96","3,063.69","2,303.49","1,704.92","1,242.02",890.37,628.15,435.98,297.67,199.92,132.06,85.80,54.82,34.45,21.29,12.93,7.73,4.55,2.63,1.50,0.84,0.47,0.26,0.15,0.08,0.05,0.01,0.00,0.00,0.10
 ,00.001,Environmental Site Conditions,"2,000,000.00",0.00,"2,000,000.00",0.00,"2,000,000.00",0.00,0.00,0.00,0.00,0.00,0.00,0.00,0.00,0.00,0.00,0.00,0.00,0.00,0.00,0.00,0.00,0.00,0.00,0.00,0.00,0.00,0.00,0.00,0.00,0.00,0.00,0.00,0.00,0.00,0.00,0.00,0.00,0.00,0.00,0.00,0.00,0.00,0.00,0.00,0.00,0.00,0.00,0.00,0.00,0.00,0.00,0.00,0.00,0.00,0.00,0.00,0.00,0.00,0.00,0.00,0.00,0.00,0.00,0.00,0.00,0.00,0.00,0.00,0.00,0.00,0.00,"53,739.96","53,739.94","53,739.90","53,735.82","53,739.68","53,739.43","53,738.98","53,738.20","53,736.88","53,730.65","53,730.98","53,725.06","53,715.64","53,700.94","53,678.42","53,640.54","53,594.45","53,521.72","53,418.02","53,272.79","53,073.03","52,803.15","52,441.17","51,978.43","51,381.11","50,630.20","49,703.03","48,578.65","47,235.96","45,672.88","43,872.85","41,841.54","39,590.15","37,139.31","34,516.48","31,767.51","28,929.54","26,054.73","23,194.54","20,399.65","17,716.05","15,188.97","12,848.06","10,719.46","8,818.43","7,150.93","5,714.35","4,498.50","3,488.66","2,664.08","2,003.04","1,482.54","1,080.02",774.24,546.22,379.11,258.85,173.85,114.84,74.61,47.67,29.95,18.51,11.25,6.72,3.95,2.29,1.30,0.73,0.41,0.23,0.13,0.07,0.05,0.01,0.00,0.00,0.01
 ,00.002,"Removal and Disposal of Haz Mat (e,g, Asbestos, Lead, PCB's)","200,000.00",0.00,"200,000.00",0.00,"200,000.00",0.00,0.00,0.00,0.00,0.00,0.00,0.00,0.00,0.00,0.00,0.00,0.00,0.00,0.00,0.00,0.00,0.00,0.00,0.00,0.00,0.00,0.00,0.00,0.00,0.00,0.00,0.00,0.00,0.00,0.00,0.00,0.00,0.00,0.00,0.00,0.00,0.00,0.00,0.00,0.00,0.00,0.00,0.00,0.00,0.00,0.00,0.00,0.00,0.00,0.00,0.00,0.00,0.00,0.00,0.00,0.00,0.00,0.00,0.00,0.00,0.00,0.00,0.00,0.00,0.00,0.00,"5,374.00","5,373.99","5,373.99","5,373.58","5,373.97","5,373.94","5,373.90","5,373.82","5,373.69","5,373.07","5,373.10","5,372.51","5,371.56","5,370.09","5,367.84","5,364.05","5,359.44","5,352.17","5,341.80","5,327.28","5,307.30","5,280.32","5,244.12","5,197.84","5,138.11","5,063.02","4,970.30","4,857.86","4,723.60","4,567.29","4,387.28","4,184.15","3,959.01","3,713.93","3,451.65","3,176.75","2,892.95","2,605.47","2,319.45","2,039.96","1,771.60","1,518.90","1,284.81","1,071.95",881.84,715.09,571.43,449.85,348.87,266.41,200.30,148.25,108.00,77.42,54.62,37.91,25.88,17.38,11.48,7.46,4.77,3.00,1.85,1.12,0.67,0.40,0.23,0.13,0.07,0.04,0.02,0.01,0.01,0.00,0.00,0.00,0.00,0.08
 ,00.003,Relocation or Replacement of Existing Facilities,0.00,0.00,0.00,0.00,0.00,0.00,0.00,0.00,0.00,0.00,0.00,0.00,0.00,0.00,0.00,0.00,0.00,0.00,0.00,0.00,0.00,0.00,0.00,0.00,0.00,0.00,0.00,0.00,0.00,0.00,0.00,0.00,0.00,0.00,0.00,0.00,0.00,0.00,0.00,0.00,0.00,0.00,0.00,0.00,0.00,0.00,0.00,0.00,0.00,0.00,0.00,0.00,0.00,0.00,0.00,0.00,0.00,0.00,0.00,0.00,0.00,0.00,0.00,0.00,0.00,0.00,0.00,0.00,0.00,0.00,0.00,0.00,0.00,0.00,0.00,0.00,0.00,0.00,0.00,0.00,0.00,0.00,0.00,0.00,0.00,0.00,0.00,0.00,0.00,0.00,0.00,0.00,0.00,0.00,0.00,0.00,0.00,0.00,0.00,0.00,0.00,0.00,0.00,0.00,0.00,0.00,0.00,0.00,0.00,0.00,0.00,0.00,0.00,0.00,0.00,0.00,0.00,0.00,0.00,0.00,0.00,0.00,0.00,0.00,0.00,0.00,0.00,0.00,0.00,0.00,0.00,0.00,0.00,0.00,0.00,0.00,0.00,0.00,0.00,0.00,0.00,0.00,0.00,0.00,0.00,0.00,0.00,0.00,0.00
 ,00.004,Demolition of Existing Facilities,0.00,0.00,0.00,0.00,0.00,0.00,0.00,0.00,0.00,0.00,0.00,0.00,0.00,0.00,0.00,0.00,0.00,0.00,0.00,0.00,0.00,0.00,0.00,0.00,0.00,0.00,0.00,0.00,0.00,0.00,0.00,0.00,0.00,0.00,0.00,0.00,0.00,0.00,0.00,0.00,0.00,0.00,0.00,0.00,0.00,0.00,0.00,0.00,0.00,0.00,0.00,0.00,0.00,0.00,0.00,0.00,0.00,0.00,0.00,0.00,0.00,0.00,0.00,0.00,0.00,0.00,0.00,0.00,0.00,0.00,0.00,0.00,0.00,0.00,0.00,0.00,0.00,0.00,0.00,0.00,0.00,0.00,0.00,0.00,0.00,0.00,0.00,0.00,0.00,0.00,0.00,0.00,0.00,0.00,0.00,0.00,0.00,0.00,0.00,0.00,0.00,0.00,0.00,0.00,0.00,0.00,0.00,0.00,0.00,0.00,0.00,0.00,0.00,0.00,0.00,0.00,0.00,0.00,0.00,0.00,0.00,0.00,0.00,0.00,0.00,0.00,0.00,0.00,0.00,0.00,0.00,0.00,0.00,0.00,0.00,0.00,0.00,0.00,0.00,0.00,0.00,0.00,0.00,0.00,0.00,0.00,0.00,0.00,0.00
 ,00.005,Temporary Fencing and Facilities Required for Site Clearance,0.00,0.00,0.00,0.00,0.00,0.00,0.00,0.00,0.00,0.00,0.00,0.00,0.00,0.00,0.00,0.00,0.00,0.00,0.00,0.00,0.00,0.00,0.00,0.00,0.00,0.00,0.00,0.00,0.00,0.00,0.00,0.00,0.00,0.00,0.00,0.00,0.00,0.00,0.00,0.00,0.00,0.00,0.00,0.00,0.00,0.00,0.00,0.00,0.00,0.00,0.00,0.00,0.00,0.00,0.00,0.00,0.00,0.00,0.00,0.00,0.00,0.00,0.00,0.00,0.00,0.00,0.00,0.00,0.00,0.00,0.00,0.00,0.00,0.00,0.00,0.00,0.00,0.00,0.00,0.00,0.00,0.00,0.00,0.00,0.00,0.00,0.00,0.00,0.00,0.00,0.00,0.00,0.00,0.00,0.00,0.00,0.00,0.00,0.00,0.00,0.00,0.00,0.00,0.00,0.00,0.00,0.00,0.00,0.00,0.00,0.00,0.00,0.00,0.00,0.00,0.00,0.00,0.00,0.00,0.00,0.00,0.00,0.00,0.00,0.00,0.00,0.00,0.00,0.00,0.00,0.00,0.00,0.00,0.00,0.00,0.00,0.00,0.00,0.00,0.00,0.00,0.00,0.00,0.00,0.00,0.00,0.00,0.00,0.00
 ,00.006,Earthwork and Shoring Required for Site Clearance,0.00,0.00,0.00,0.00,0.00,0.00,0.00,0.00,0.00,0.00,0.00,0.00,0.00,0.00,0.00,0.00,0.00,0.00,0.00,0.00,0.00,0.00,0.00,0.00,0.00,0.00,0.00,0.00,0.00,0.00,0.00,0.00,0.00,0.00,0.00,0.00,0.00,0.00,0.00,0.00,0.00,0.00,0.00,0.00,0.00,0.00,0.00,0.00,0.00,0.00,0.00,0.00,0.00,0.00,0.00,0.00,0.00,0.00,0.00,0.00,0.00,0.00,0.00,0.00,0.00,0.00,0.00,0.00,0.00,0.00,0.00,0.00,0.00,0.00,0.00,0.00,0.00,0.00,0.00,0.00,0.00,0.00,0.00,0.00,0.00,0.00,0.00,0.00,0.00,0.00,0.00,0.00,0.00,0.00,0.00,0.00,0.00,0.00,0.00,0.00,0.00,0.00,0.00,0.00,0.00,0.00,0.00,0.00,0.00,0.00,0.00,0.00,0.00,0.00,0.00,0.00,0.00,0.00,0.00,0.00,0.00,0.00,0.00,0.00,0.00,0.00,0.00,0.00,0.00,0.00,0.00,0.00,0.00,0.00,0.00,0.00,0.00,0.00,0.00,0.00,0.00,0.00,0.00,0.00,0.00,0.00,0.00,0.00,0.00
 ,00.007,Storm water BMP's During Site Clearance,0.00,0.00,0.00,0.00,0.00,0.00,0.00,0.00,0.00,0.00,0.00,0.00,0.00,0.00,0.00,0.00,0.00,0.00,0.00,0.00,0.00,0.00,0.00,0.00,0.00,0.00,0.00,0.00,0.00,0.00,0.00,0.00,0.00,0.00,0.00,0.00,0.00,0.00,0.00,0.00,0.00,0.00,0.00,0.00,0.00,0.00,0.00,0.00,0.00,0.00,0.00,0.00,0.00,0.00,0.00,0.00,0.00,0.00,0.00,0.00,0.00,0.00,0.00,0.00,0.00,0.00,0.00,0.00,0.00,0.00,0.00,0.00,0.00,0.00,0.00,0.00,0.00,0.00,0.00,0.00,0.00,0.00,0.00,0.00,0.00,0.00,0.00,0.00,0.00,0.00,0.00,0.00,0.00,0.00,0.00,0.00,0.00,0.00,0.00,0.00,0.00,0.00,0.00,0.00,0.00,0.00,0.00,0.00,0.00,0.00,0.00,0.00,0.00,0.00,0.00,0.00,0.00,0.00,0.00,0.00,0.00,0.00,0.00,0.00,0.00,0.00,0.00,0.00,0.00,0.00,0.00,0.00,0.00,0.00,0.00,0.00,0.00,0.00,0.00,0.00,0.00,0.00,0.00,0.00,0.00,0.00,0.00,0.00,0.00
 ,00.008,Removal and Disposal of Contaminated Soils,"100,000.00",0.00,"100,000.00",0.00,"100,000.00",0.00,0.00,0.00,0.00,0.00,0.00,0.00,0.00,0.00,0.00,0.00,0.00,0.00,0.00,0.00,0.00,0.00,0.00,0.00,0.00,0.00,0.00,0.00,0.00,0.00,0.00,0.00,0.00,0.00,0.00,0.00,0.00,0.00,0.00,0.00,0.00,0.00,0.00,0.00,0.00,0.00,0.00,0.00,0.00,0.00,0.00,0.00,0.00,0.00,0.00,0.00,0.00,0.00,0.00,0.00,0.00,0.00,0.00,0.00,0.00,0.00,0.00,0.00,0.00,0.00,0.00,"2,687.00","2,687.00","2,686.99","2,686.79","2,686.98","2,686.97","2,686.95","2,686.91","2,686.84","2,686.53","2,686.55","2,686.25","2,685.78","2,685.05","2,683.92","2,682.03","2,679.72","2,676.09","2,670.90","2,663.64","2,653.65","2,640.16","2,622.06","2,598.92","2,569.06","2,531.51","2,485.15","2,428.93","2,361.80","2,283.64","2,193.64","2,092.08","1,979.51","1,856.97","1,725.82","1,588.38","1,446.48","1,302.74","1,159.73","1,019.98",885.80,759.45,642.40,535.97,440.92,357.55,285.72,224.92,174.43,133.20,100.15,74.13,54.00,38.71,27.31,18.96,12.94,8.69,5.74,3.73,2.38,1.50,0.93,0.56,0.34,0.20,0.11,0.07,0.04,0.02,0.01,0.01,0.00,0.00,0.00,0.00,0.00,0.01
 ,00.099,Other Site Clearance,0.00,0.00,0.00,0.00,0.00,0.00,0.00,0.00,0.00,0.00,0.00,0.00,0.00,0.00,0.00,0.00,0.00,0.00,0.00,0.00,0.00,0.00,0.00,0.00,0.00,0.00,0.00,0.00,0.00,0.00,0.00,0.00,0.00,0.00,0.00,0.00,0.00,0.00,0.00,0.00,0.00,0.00,0.00,0.00,0.00,0.00,0.00,0.00,0.00,0.00,0.00,0.00,0.00,0.00,0.00,0.00,0.00,0.00,0.00,0.00,0.00,0.00,0.00,0.00,0.00,0.00,0.00,0.00,0.00,0.00,0.00,0.00,0.00,0.00,0.00,0.00,0.00,0.00,0.00,0.00,0.00,0.00,0.00,0.00,0.00,0.00,0.00,0.00,0.00,0.00,0.00,0.00,0.00,0.00,0.00,0.00,0.00,0.00,0.00,0.00,0.00,0.00,0.00,0.00,0.00,0.00,0.00,0.00,0.00,0.00,0.00,0.00,0.00,0.00,0.00,0.00,0.00,0.00,0.00,0.00,0.00,0.00,0.00,0.00,0.00,0.00,0.00,0.00,0.00,0.00,0.00,0.00,0.00,0.00,0.00,0.00,0.00,0.00,0.00,0.00,0.00,0.00,0.00,0.00,0.00,0.00,0.00,0.00,0.00
,01,Building Construction & Site Cost Inside Five Feet of Building Perimeter,"1,751,740,650.00","16,417,410.00","1,751,740,650.00","2,929,119.02","1,751,740,650.00",0.00,0.00,0.00,0.00,0.00,0.00,0.00,0.00,0.00,0.00,0.00,0.00,0.00,0.00,0.00,0.00,0.00,0.00,0.00,0.00,0.00,0.00,0.00,0.00,0.00,0.00,0.00,0.00,0.00,0.00,0.00,0.00,0.00,0.00,0.00,0.00,0.00,0.00,0.00,0.00,0.00,0.00,0.00,0.00,"649,660.38",0.00,"262,517.33","298,542.89",0.00,"687,786.86","771,173.43",0.00,"259,438.13",0.00,0.00,0.00,0.00,0.00,0.00,0.00,0.00,0.00,0.00,0.00,0.00,0.00,"23,495,004.96","23,495,004.96","23,495,004.96","23,495,004.96","23,495,004.96","23,495,004.96","23,495,004.96","23,495,004.96","23,495,004.96","23,495,004.96","23,495,004.96","23,495,004.96","23,495,004.96","23,495,004.96","23,495,004.96","23,495,004.96","23,495,004.96","23,495,004.96","23,495,004.96","23,495,004.96","23,495,004.96","23,495,004.96","23,495,004.96","23,495,004.96","23,495,004.96","23,495,004.96","23,495,004.96","23,495,004.96","23,495,004.96","23,495,004.96","23,495,004.96","23,495,004.96","23,495,004.96","23,495,004.96","23,495,004.96","23,495,004.96","23,495,004.96","23,495,004.96","23,495,004.96","23,495,004.96","23,495,004.96","23,495,004.96","23,495,004.96","23,495,004.96","23,495,004.96","23,495,004.96","23,495,004.96","23,495,004.96","23,495,004.96","23,495,004.96","23,495,004.96","23,495,004.96","23,495,004.96","23,495,004.96","23,495,004.96","23,495,004.96","23,495,004.96","23,495,004.96","23,495,004.96","23,495,004.96","23,495,004.96","23,495,004.96","23,495,004.96","23,495,004.96","23,495,004.96","23,495,004.96","23,495,004.96","23,495,004.96","23,495,004.96","23,495,004.96","23,495,004.96","23,495,004.96","23,495,004.96","23,495,004.96","10,181,163.69",0.00,0.00,0.25
 ,01.101,Prime General Contractor (Less Code 2 and 4 Costs),"1,712,000,000.00","16,412,410.00","1,712,000,000.00","2,928,676.30","1,712,000,000.00",0.00,0.00,0.00,0.00,0.00,0.00,0.00,0.00,0.00,0.00,0.00,0.00,0.00,0.00,0.00,0.00,0.00,0.00,0.00,0.00,0.00,0.00,0.00,0.00,0.00,0.00,0.00,0.00,0.00,0.00,0.00,0.00,0.00,0.00,0.00,0.00,0.00,0.00,0.00,0.00,0.00,0.00,0.00,0.00,"649,660.38",0.00,"262,517.33","298,542.89",0.00,"687,786.86","771,173.43",0.00,"258,995.41",0.00,0.00,0.00,0.00,0.00,0.00,0.00,0.00,0.00,0.00,0.00,0.00,0.00,"22,961,101.59","22,961,101.59","22,961,101.59","22,961,101.59","22,961,101.59","22,961,101.59","22,961,101.59","22,961,101.59","22,961,101.59","22,961,101.59","22,961,101.59","22,961,101.59","22,961,101.59","22,961,101.59","22,961,101.59","22,961,101.59","22,961,101.59","22,961,101.59","22,961,101.59","22,961,101.59","22,961,101.59","22,961,101.59","22,961,101.59","22,961,101.59","22,961,101.59","22,961,101.59","22,961,101.59","22,961,101.59","22,961,101.59","22,961,101.59","22,961,101.59","22,961,101.59","22,961,101.59","22,961,101.59","22,961,101.59","22,961,101.59","22,961,101.59","22,961,101.59","22,961,101.59","22,961,101.59","22,961,101.59","22,961,101.59","22,961,101.59","22,961,101.59","22,961,101.59","22,961,101.59","22,961,101.59","22,961,101.59","22,961,101.59","22,961,101.59","22,961,101.59","22,961,101.59","22,961,101.59","22,961,101.59","22,961,101.59","22,961,101.59","22,961,101.59","22,961,101.59","22,961,101.59","22,961,101.59","22,961,101.59","22,961,101.59","22,961,101.59","22,961,101.59","22,961,101.59","22,961,101.59","22,961,101.59","22,961,101.59","22,961,101.59","22,961,101.59","22,961,101.59","22,961,101.59","22,961,101.59","22,961,101.59","9,949,805.67",0.00,0.00,0.37
 ,01.102,Compensable Construction Delay,0.00,0.00,0.00,0.00,0.00,0.00,0.00,0.00,0.00,0.00,0.00,0.00,0.00,0.00,0.00,0.00,0.00,0.00,0.00,0.00,0.00,0.00,0.00,0.00,0.00,0.00,0.00,0.00,0.00,0.00,0.00,0.00,0.00,0.00,0.00,0.00,0.00,0.00,0.00,0.00,0.00,0.00,0.00,0.00,0.00,0.00,0.00,0.00,0.00,0.00,0.00,0.00,0.00,0.00,0.00,0.00,0.00,0.00,0.00,0.00,0.00,0.00,0.00,0.00,0.00,0.00,0.00,0.00,0.00,0.00,0.00,0.00,0.00,0.00,0.00,0.00,0.00,0.00,0.00,0.00,0.00,0.00,0.00,0.00,0.00,0.00,0.00,0.00,0.00,0.00,0.00,0.00,0.00,0.00,0.00,0.00,0.00,0.00,0.00,0.00,0.00,0.00,0.00,0.00,0.00,0.00,0.00,0.00,0.00,0.00,0.00,0.00,0.00,0.00,0.00,0.00,0.00,0.00,0.00,0.00,0.00,0.00,0.00,0.00,0.00,0.00,0.00,0.00,0.00,0.00,0.00,0.00,0.00,0.00,0.00,0.00,0.00,0.00,0.00,0.00,0.00,0.00,0.00,0.00,0.00,0.00,0.00,0.00,0.00
 ,01.103,Approved Change Orders,0.00,0.00,0.00,0.00,0.00,0.00,0.00,0.00,0.00,0.00,0.00,0.00,0.00,0.00,0.00,0.00,0.00,0.00,0.00,0.00,0.00,0.00,0.00,0.00,0.00,0.00,0.00,0.00,0.00,0.00,0.00,0.00,0.00,0.00,0.00,0.00,0.00,0.00,0.00,0.00,0.00,0.00,0.00,0.00,0.00,0.00,0.00,0.00,0.00,0.00,0.00,0.00,0.00,0.00,0.00,0.00,0.00,0.00,0.00,0.00,0.00,0.00,0.00,0.00,0.00,0.00,0.00,0.00,0.00,0.00,0.00,0.00,0.00,0.00,0.00,0.00,0.00,0.00,0.00,0.00,0.00,0.00,0.00,0.00,0.00,0.00,0.00,0.00,0.00,0.00,0.00,0.00,0.00,0.00,0.00,0.00,0.00,0.00,0.00,0.00,0.00,0.00,0.00,0.00,0.00,0.00,0.00,0.00,0.00,0.00,0.00,0.00,0.00,0.00,0.00,0.00,0.00,0.00,0.00,0.00,0.00,0.00,0.00,0.00,0.00,0.00,0.00,0.00,0.00,0.00,0.00,0.00,0.00,0.00,0.00,0.00,0.00,0.00,0.00,0.00,0.00,0.00,0.00,0.00,0.00,0.00,0.00,0.00,0.00
 ,01.104,Estimated Change Orders,0.00,0.00,0.00,0.00,0.00,0.00,0.00,0.00,0.00,0.00,0.00,0.00,0.00,0.00,0.00,0.00,0.00,0.00,0.00,0.00,0.00,0.00,0.00,0.00,0.00,0.00,0.00,0.00,0.00,0.00,0.00,0.00,0.00,0.00,0.00,0.00,0.00,0.00,0.00,0.00,0.00,0.00,0.00,0.00,0.00,0.00,0.00,0.00,0.00,0.00,0.00,0.00,0.00,0.00,0.00,0.00,0.00,0.00,0.00,0.00,0.00,0.00,0.00,0.00,0.00,0.00,0.00,0.00,0.00,0.00,0.00,0.00,0.00,0.00,0.00,0.00,0.00,0.00,0.00,0.00,0.00,0.00,0.00,0.00,0.00,0.00,0.00,0.00,0.00,0.00,0.00,0.00,0.00,0.00,0.00,0.00,0.00,0.00,0.00,0.00,0.00,0.00,0.00,0.00,0.00,0.00,0.00,0.00,0.00,0.00,0.00,0.00,0.00,0.00,0.00,0.00,0.00,0.00,0.00,0.00,0.00,0.00,0.00,0.00,0.00,0.00,0.00,0.00,0.00,0.00,0.00,0.00,0.00,0.00,0.00,0.00,0.00,0.00,0.00,0.00,0.00,0.00,0.00,0.00,0.00,0.00,0.00,0.00,0.00
 ,01.105,Contractor Claims,0.00,0.00,0.00,0.00,0.00,0.00,0.00,0.00,0.00,0.00,0.00,0.00,0.00,0.00,0.00,0.00,0.00,0.00,0.00,0.00,0.00,0.00,0.00,0.00,0.00,0.00,0.00,0.00,0.00,0.00,0.00,0.00,0.00,0.00,0.00,0.00,0.00,0.00,0.00,0.00,0.00,0.00,0.00,0.00,0.00,0.00,0.00,0.00,0.00,0.00,0.00,0.00,0.00,0.00,0.00,0.00,0.00,0.00,0.00,0.00,0.00,0.00,0.00,0.00,0.00,0.00,0.00,0.00,0.00,0.00,0.00,0.00,0.00,0.00,0.00,0.00,0.00,0.00,0.00,0.00,0.00,0.00,0.00,0.00,0.00,0.00,0.00,0.00,0.00,0.00,0.00,0.00,0.00,0.00,0.00,0.00,0.00,0.00,0.00,0.00,0.00,0.00,0.00,0.00,0.00,0.00,0.00,0.00,0.00,0.00,0.00,0.00,0.00,0.00,0.00,0.00,0.00,0.00,0.00,0.00,0.00,0.00,0.00,0.00,0.00,0.00,0.00,0.00,0.00,0.00,0.00,0.00,0.00,0.00,0.00,0.00,0.00,0.00,0.00,0.00,0.00,0.00,0.00,0.00,0.00,0.00,0.00,0.00,0.00
 ,01.106,Project Managers Pending List,0.00,0.00,0.00,0.00,0.00,0.00,0.00,0.00,0.00,0.00,0.00,0.00,0.00,0.00,0.00,0.00,0.00,0.00,0.00,0.00,0.00,0.00,0.00,0.00,0.00,0.00,0.00,0.00,0.00,0.00,0.00,0.00,0.00,0.00,0.00,0.00,0.00,0.00,0.00,0.00,0.00,0.00,0.00,0.00,0.00,0.00,0.00,0.00,0.00,0.00,0.00,0.00,0.00,0.00,0.00,0.00,0.00,0.00,0.00,0.00,0.00,0.00,0.00,0.00,0.00,0.00,0.00,0.00,0.00,0.00,0.00,0.00,0.00,0.00,0.00,0.00,0.00,0.00,0.00,0.00,0.00,0.00,0.00,0.00,0.00,0.00,0.00,0.00,0.00,0.00,0.00,0.00,0.00,0.00,0.00,0.00,0.00,0.00,0.00,0.00,0.00,0.00,0.00,0.00,0.00,0.00,0.00,0.00,0.00,0.00,0.00,0.00,0.00,0.00,0.00,0.00,0.00,0.00,0.00,0.00,0.00,0.00,0.00,0.00,0.00,0.00,0.00,0.00,0.00,0.00,0.00,0.00,0.00,0.00,0.00,0.00,0.00,0.00,0.00,0.00,0.00,0.00,0.00,0.00,0.00,0.00,0.00,0.00,0.00
 ,01.107,Other Building/Specialty Contractors (Not Under Prime),0.00,0.00,0.00,0.00,0.00,0.00,0.00,0.00,0.00,0.00,0.00,0.00,0.00,0.00,0.00,0.00,0.00,0.00,0.00,0.00,0.00,0.00,0.00,0.00,0.00,0.00,0.00,0.00,0.00,0.00,0.00,0.00,0.00,0.00,0.00,0.00,0.00,0.00,0.00,0.00,0.00,0.00,0.00,0.00,0.00,0.00,0.00,0.00,0.00,0.00,0.00,0.00,0.00,0.00,0.00,0.00,0.00,0.00,0.00,0.00,0.00,0.00,0.00,0.00,0.00,0.00,0.00,0.00,0.00,0.00,0.00,0.00,0.00,0.00,0.00,0.00,0.00,0.00,0.00,0.00,0.00,0.00,0.00,0.00,0.00,0.00,0.00,0.00,0.00,0.00,0.00,0.00,0.00,0.00,0.00,0.00,0.00,0.00,0.00,0.00,0.00,0.00,0.00,0.00,0.00,0.00,0.00,0.00,0.00,0.00,0.00,0.00,0.00,0.00,0.00,0.00,0.00,0.00,0.00,0.00,0.00,0.00,0.00,0.00,0.00,0.00,0.00,0.00,0.00,0.00,0.00,0.00,0.00,0.00,0.00,0.00,0.00,0.00,0.00,0.00,0.00,0.00,0.00,0.00,0.00,0.00,0.00,0.00,0.00
 ,01.108,Facilites Management/Engineering Work Orders,"650,000.00","5,000.00","650,000.00",442.72,"650,000.00",0.00,0.00,0.00,0.00,0.00,0.00,0.00,0.00,0.00,0.00,0.00,0.00,0.00,0.00,0.00,0.00,0.00,0.00,0.00,0.00,0.00,0.00,0.00,0.00,0.00,0.00,0.00,0.00,0.00,0.00,0.00,0.00,0.00,0.00,0.00,0.00,0.00,0.00,0.00,0.00,0.00,0.00,0.00,0.00,0.00,0.00,0.00,0.00,0.00,0.00,0.00,0.00,442.72,0.00,0.00,0.00,0.00,0.00,0.00,0.00,0.00,0.00,0.00,0.00,0.00,0.00,"8,726.70","8,726.70","8,726.70","8,726.70","8,726.70","8,726.70","8,726.70","8,726.70","8,726.70","8,726.70","8,726.70","8,726.70","8,726.70","8,726.70","8,726.70","8,726.70","8,726.70","8,726.70","8,726.70","8,726.70","8,726.70","8,726.70","8,726.70","8,726.70","8,726.70","8,726.70","8,726.70","8,726.70","8,726.70","8,726.70","8,726.70","8,726.70","8,726.70","8,726.70","8,726.70","8,726.70","8,726.70","8,726.70","8,726.70","8,726.70","8,726.70","8,726.70","8,726.70","8,726.70","8,726.70","8,726.70","8,726.70","8,726.70","8,726.70","8,726.70","8,726.70","8,726.70","8,726.70","8,726.70","8,726.70","8,726.70","8,726.70","8,726.70","8,726.70","8,726.70","8,726.70","8,726.70","8,726.70","8,726.70","8,726.70","8,726.70","8,726.70","8,726.70","8,726.70","8,726.70","8,726.70","8,726.70","8,726.70","8,726.70","3,781.57",0.00,0.00,(0.09)
 ,01.109,Telecommunications (ACT),"600,000.00",0.00,"600,000.00",0.00,"600,000.00",0.00,0.00,0.00,0.00,0.00,0.00,0.00,0.00,0.00,0.00,0.00,0.00,0.00,0.00,0.00,0.00,0.00,0.00,0.00,0.00,0.00,0.00,0.00,0.00,0.00,0.00,0.00,0.00,0.00,0.00,0.00,0.00,0.00,0.00,0.00,0.00,0.00,0.00,0.00,0.00,0.00,0.00,0.00,0.00,0.00,0.00,0.00,0.00,0.00,0.00,0.00,0.00,0.00,0.00,0.00,0.00,0.00,0.00,0.00,0.00,0.00,0.00,0.00,0.00,0.00,0.00,"8,060.90","8,060.90","8,060.90","8,060.90","8,060.90","8,060.90","8,060.90","8,060.90","8,060.90","8,060.90","8,060.90","8,060.90","8,060.90","8,060.90","8,060.90","8,060.90","8,060.90","8,060.90","8,060.90","8,060.90","8,060.90","8,060.90","8,060.90","8,060.90","8,060.90","8,060.90","8,060.90","8,060.90","8,060.90","8,060.90","8,060.90","8,060.90","8,060.90","8,060.90","8,060.90","8,060.90","8,060.90","8,060.90","8,060.90","8,060.90","8,060.90","8,060.90","8,060.90","8,060.90","8,060.90","8,060.90","8,060.90","8,060.90","8,060.90","8,060.90","8,060.90","8,060.90","8,060.90","8,060.90","8,060.90","8,060.90","8,060.90","8,060.90","8,060.90","8,060.90","8,060.90","8,060.90","8,060.90","8,060.90","8,060.90","8,060.90","8,060.90","8,060.90","8,060.90","8,060.90","8,060.90","8,060.90","8,060.90","8,060.90","3,493.06",0.00,0.00,0.34
 ,01.110,Data Processing,0.00,0.00,0.00,0.00,0.00,0.00,0.00,0.00,0.00,0.00,0.00,0.00,0.00,0.00,0.00,0.00,0.00,0.00,0.00,0.00,0.00,0.00,0.00,0.00,0.00,0.00,0.00,0.00,0.00,0.00,0.00,0.00,0.00,0.00,0.00,0.00,0.00,0.00,0.00,0.00,0.00,0.00,0.00,0.00,0.00,0.00,0.00,0.00,0.00,0.00,0.00,0.00,0.00,0.00,0.00,0.00,0.00,0.00,0.00,0.00,0.00,0.00,0.00,0.00,0.00,0.00,0.00,0.00,0.00,0.00,0.00,0.00,0.00,0.00,0.00,0.00,0.00,0.00,0.00,0.00,0.00,0.00,0.00,0.00,0.00,0.00,0.00,0.00,0.00,0.00,0.00,0.00,0.00,0.00,0.00,0.00,0.00,0.00,0.00,0.00,0.00,0.00,0.00,0.00,0.00,0.00,0.00,0.00,0.00,0.00,0.00,0.00,0.00,0.00,0.00,0.00,0.00,0.00,0.00,0.00,0.00,0.00,0.00,0.00,0.00,0.00,0.00,0.00,0.00,0.00,0.00,0.00,0.00,0.00,0.00,0.00,0.00,0.00,0.00,0.00,0.00,0.00,0.00,0.00,0.00,0.00,0.00,0.00,0.00
 ,01.111,"Lock Keying, FM Lock Shop Work Orders","50,000.00",0.00,"50,000.00",0.00,"50,000.00",0.00,0.00,0.00,0.00,0.00,0.00,0.00,0.00,0.00,0.00,0.00,0.00,0.00,0.00,0.00,0.00,0.00,0.00,0.00,0.00,0.00,0.00,0.00,0.00,0.00,0.00,0.00,0.00,0.00,0.00,0.00,0.00,0.00,0.00,0.00,0.00,0.00,0.00,0.00,0.00,0.00,0.00,0.00,0.00,0.00,0.00,0.00,0.00,0.00,0.00,0.00,0.00,0.00,0.00,0.00,0.00,0.00,0.00,0.00,0.00,0.00,0.00,0.00,0.00,0.00,0.00,671.74,671.74,671.74,671.74,671.74,671.74,671.74,671.74,671.74,671.74,671.74,671.74,671.74,671.74,671.74,671.74,671.74,671.74,671.74,671.74,671.74,671.74,671.74,671.74,671.74,671.74,671.74,671.74,671.74,671.74,671.74,671.74,671.74,671.74,671.74,671.74,671.74,671.74,671.74,671.74,671.74,671.74,671.74,671.74,671.74,671.74,671.74,671.74,671.74,671.74,671.74,671.74,671.74,671.74,671.74,671.74,671.74,671.74,671.74,671.74,671.74,671.74,671.74,671.74,671.74,671.74,671.74,671.74,671.74,671.74,671.74,671.74,671.74,671.74,291.09,0.00,0.00,0.15
 ,01.112,Builders Risk Insurance,"5,500,000.00",0.00,"5,500,000.00",0.00,"5,500,000.00",0.00,0.00,0.00,0.00,0.00,0.00,0.00,0.00,0.00,0.00,0.00,0.00,0.00,0.00,0.00,0.00,0.00,0.00,0.00,0.00,0.00,0.00,0.00,0.00,0.00,0.00,0.00,0.00,0.00,0.00,0.00,0.00,0.00,0.00,0.00,0.00,0.00,0.00,0.00,0.00,0.00,0.00,0.00,0.00,0.00,0.00,0.00,0.00,0.00,0.00,0.00,0.00,0.00,0.00,0.00,0.00,0.00,0.00,0.00,0.00,0.00,0.00,0.00,0.00,0.00,0.00,"73,891.63","73,891.63","73,891.63","73,891.63","73,891.63","73,891.63","73,891.63","73,891.63","73,891.63","73,891.63","73,891.63","73,891.63","73,891.63","73,891.63","73,891.63","73,891.63","73,891.63","73,891.63","73,891.63","73,891.63","73,891.63","73,891.63","73,891.63","73,891.63","73,891.63","73,891.63","73,891.63","73,891.63","73,891.63","73,891.63","73,891.63","73,891.63","73,891.63","73,891.63","73,891.63","73,891.63","73,891.63","73,891.63","73,891.63","73,891.63","73,891.63","73,891.63","73,891.63","73,891.63","73,891.63","73,891.63","73,891.63","73,891.63","73,891.63","73,891.63","73,891.63","73,891.63","73,891.63","73,891.63","73,891.63","73,891.63","73,891.63","73,891.63","73,891.63","73,891.63","73,891.63","73,891.63","73,891.63","73,891.63","73,891.63","73,891.63","73,891.63","73,891.63","73,891.63","73,891.63","73,891.63","73,891.63","73,891.63","73,891.63","32,019.69",0.00,0.00,(0.31)
 ,01.113,"Group 1 Equipment, Owner Purchased Contractor Installed",0.00,0.00,0.00,0.00,0.00,0.00,0.00,0.00,0.00,0.00,0.00,0.00,0.00,0.00,0.00,0.00,0.00,0.00,0.00,0.00,0.00,0.00,0.00,0.00,0.00,0.00,0.00,0.00,0.00,0.00,0.00,0.00,0.00,0.00,0.00,0.00,0.00,0.00,0.00,0.00,0.00,0.00,0.00,0.00,0.00,0.00,0.00,0.00,0.00,0.00,0.00,0.00,0.00,0.00,0.00,0.00,0.00,0.00,0.00,0.00,0.00,0.00,0.00,0.00,0.00,0.00,0.00,0.00,0.00,0.00,0.00,0.00,0.00,0.00,0.00,0.00,0.00,0.00,0.00,0.00,0.00,0.00,0.00,0.00,0.00,0.00,0.00,0.00,0.00,0.00,0.00,0.00,0.00,0.00,0.00,0.00,0.00,0.00,0.00,0.00,0.00,0.00,0.00,0.00,0.00,0.00,0.00,0.00,0.00,0.00,0.00,0.00,0.00,0.00,0.00,0.00,0.00,0.00,0.00,0.00,0.00,0.00,0.00,0.00,0.00,0.00,0.00,0.00,0.00,0.00,0.00,0.00,0.00,0.00,0.00,0.00,0.00,0.00,0.00,0.00,0.00,0.00,0.00,0.00,0.00,0.00,0.00,0.00,0.00
 ,01.114,"Security Alarms, Video Security, Security Manpower",0.00,0.00,0.00,0.00,0.00,0.00,0.00,0.00,0.00,0.00,0.00,0.00,0.00,0.00,0.00,0.00,0.00,0.00,0.00,0.00,0.00,0.00,0.00,0.00,0.00,0.00,0.00,0.00,0.00,0.00,0.00,0.00,0.00,0.00,0.00,0.00,0.00,0.00,0.00,0.00,0.00,0.00,0.00,0.00,0.00,0.00,0.00,0.00,0.00,0.00,0.00,0.00,0.00,0.00,0.00,0.00,0.00,0.00,0.00,0.00,0.00,0.00,0.00,0.00,0.00,0.00,0.00,0.00,0.00,0.00,0.00,0.00,0.00,0.00,0.00,0.00,0.00,0.00,0.00,0.00,0.00,0.00,0.00,0.00,0.00,0.00,0.00,0.00,0.00,0.00,0.00,0.00,0.00,0.00,0.00,0.00,0.00,0.00,0.00,0.00,0.00,0.00,0.00,0.00,0.00,0.00,0.00,0.00,0.00,0.00,0.00,0.00,0.00,0.00,0.00,0.00,0.00,0.00,0.00,0.00,0.00,0.00,0.00,0.00,0.00,0.00,0.00,0.00,0.00,0.00,0.00,0.00,0.00,0.00,0.00,0.00,0.00,0.00,0.00,0.00,0.00,0.00,0.00,0.00,0.00,0.00,0.00,0.00,0.00
 ,01.115,Building Signage,0.00,0.00,0.00,0.00,0.00,0.00,0.00,0.00,0.00,0.00,0.00,0.00,0.00,0.00,0.00,0.00,0.00,0.00,0.00,0.00,0.00,0.00,0.00,0.00,0.00,0.00,0.00,0.00,0.00,0.00,0.00,0.00,0.00,0.00,0.00,0.00,0.00,0.00,0.00,0.00,0.00,0.00,0.00,0.00,0.00,0.00,0.00,0.00,0.00,0.00,0.00,0.00,0.00,0.00,0.00,0.00,0.00,0.00,0.00,0.00,0.00,0.00,0.00,0.00,0.00,0.00,0.00,0.00,0.00,0.00,0.00,0.00,0.00,0.00,0.00,0.00,0.00,0.00,0.00,0.00,0.00,0.00,0.00,0.00,0.00,0.00,0.00,0.00,0.00,0.00,0.00,0.00,0.00,0.00,0.00,0.00,0.00,0.00,0.00,0.00,0.00,0.00,0.00,0.00,0.00,0.00,0.00,0.00,0.00,0.00,0.00,0.00,0.00,0.00,0.00,0.00,0.00,0.00,0.00,0.00,0.00,0.00,0.00,0.00,0.00,0.00,0.00,0.00,0.00,0.00,0.00,0.00,0.00,0.00,0.00,0.00,0.00,0.00,0.00,0.00,0.00,0.00,0.00,0.00,0.00,0.00,0.00,0.00,0.00
 ,01.116,University Controlled Insurance Program (UCIP),"32,440,650.00",0.00,"32,440,650.00",0.00,"32,440,650.00",0.00,0.00,0.00,0.00,0.00,0.00,0.00,0.00,0.00,0.00,0.00,0.00,0.00,0.00,0.00,0.00,0.00,0.00,0.00,0.00,0.00,0.00,0.00,0.00,0.00,0.00,0.00,0.00,0.00,0.00,0.00,0.00,0.00,0.00,0.00,0.00,0.00,0.00,0.00,0.00,0.00,0.00,0.00,0.00,0.00,0.00,0.00,0.00,0.00,0.00,0.00,0.00,0.00,0.00,0.00,0.00,0.00,0.00,0.00,0.00,0.00,0.00,0.00,0.00,0.00,0.00,"435,834.98","435,834.98","435,834.98","435,834.98","435,834.98","435,834.98","435,834.98","435,834.98","435,834.98","435,834.98","435,834.98","435,834.98","435,834.98","435,834.98","435,834.98","435,834.98","435,834.98","435,834.98","435,834.98","435,834.98","435,834.98","435,834.98","435,834.98","435,834.98","435,834.98","435,834.98","435,834.98","435,834.98","435,834.98","435,834.98","435,834.98","435,834.98","435,834.98","435,834.98","435,834.98","435,834.98","435,834.98","435,834.98","435,834.98","435,834.98","435,834.98","435,834.98","435,834.98","435,834.98","435,834.98","435,834.98","435,834.98","435,834.98","435,834.98","435,834.98","435,834.98","435,834.98","435,834.98","435,834.98","435,834.98","435,834.98","435,834.98","435,834.98","435,834.98","435,834.98","435,834.98","435,834.98","435,834.98","435,834.98","435,834.98","435,834.98","435,834.98","435,834.98","435,834.98","435,834.98","435,834.98","435,834.98","435,834.98","435,834.98","188,861.73",0.00,0.00,(0.25)
 ,01.117,Adjacent Departmental Impacts,0.00,0.00,0.00,0.00,0.00,0.00,0.00,0.00,0.00,0.00,0.00,0.00,0.00,0.00,0.00,0.00,0.00,0.00,0.00,0.00,0.00,0.00,0.00,0.00,0.00,0.00,0.00,0.00,0.00,0.00,0.00,0.00,0.00,0.00,0.00,0.00,0.00,0.00,0.00,0.00,0.00,0.00,0.00,0.00,0.00,0.00,0.00,0.00,0.00,0.00,0.00,0.00,0.00,0.00,0.00,0.00,0.00,0.00,0.00,0.00,0.00,0.00,0.00,0.00,0.00,0.00,0.00,0.00,0.00,0.00,0.00,0.00,0.00,0.00,0.00,0.00,0.00,0.00,0.00,0.00,0.00,0.00,0.00,0.00,0.00,0.00,0.00,0.00,0.00,0.00,0.00,0.00,0.00,0.00,0.00,0.00,0.00,0.00,0.00,0.00,0.00,0.00,0.00,0.00,0.00,0.00,0.00,0.00,0.00,0.00,0.00,0.00,0.00,0.00,0.00,0.00,0.00,0.00,0.00,0.00,0.00,0.00,0.00,0.00,0.00,0.00,0.00,0.00,0.00,0.00,0.00,0.00,0.00,0.00,0.00,0.00,0.00,0.00,0.00,0.00,0.00,0.00,0.00,0.00,0.00,0.00,0.00,0.00,0.00
 ,01.118,Infection Control,0.00,0.00,0.00,0.00,0.00,0.00,0.00,0.00,0.00,0.00,0.00,0.00,0.00,0.00,0.00,0.00,0.00,0.00,0.00,0.00,0.00,0.00,0.00,0.00,0.00,0.00,0.00,0.00,0.00,0.00,0.00,0.00,0.00,0.00,0.00,0.00,0.00,0.00,0.00,0.00,0.00,0.00,0.00,0.00,0.00,0.00,0.00,0.00,0.00,0.00,0.00,0.00,0.00,0.00,0.00,0.00,0.00,0.00,0.00,0.00,0.00,0.00,0.00,0.00,0.00,0.00,0.00,0.00,0.00,0.00,0.00,0.00,0.00,0.00,0.00,0.00,0.00,0.00,0.00,0.00,0.00,0.00,0.00,0.00,0.00,0.00,0.00,0.00,0.00,0.00,0.00,0.00,0.00,0.00,0.00,0.00,0.00,0.00,0.00,0.00,0.00,0.00,0.00,0.00,0.00,0.00,0.00,0.00,0.00,0.00,0.00,0.00,0.00,0.00,0.00,0.00,0.00,0.00,0.00,0.00,0.00,0.00,0.00,0.00,0.00,0.00,0.00,0.00,0.00,0.00,0.00,0.00,0.00,0.00,0.00,0.00,0.00,0.00,0.00,0.00,0.00,0.00,0.00,0.00,0.00,0.00,0.00,0.00,0.00
 ,01.119,"Utility Shutdowns, Temporary Utility Services and Facilities",0.00,0.00,0.00,0.00,0.00,0.00,0.00,0.00,0.00,0.00,0.00,0.00,0.00,0.00,0.00,0.00,0.00,0.00,0.00,0.00,0.00,0.00,0.00,0.00,0.00,0.00,0.00,0.00,0.00,0.00,0.00,0.00,0.00,0.00,0.00,0.00,0.00,0.00,0.00,0.00,0.00,0.00,0.00,0.00,0.00,0.00,0.00,0.00,0.00,0.00,0.00,0.00,0.00,0.00,0.00,0.00,0.00,0.00,0.00,0.00,0.00,0.00,0.00,0.00,0.00,0.00,0.00,0.00,0.00,0.00,0.00,0.00,0.00,0.00,0.00,0.00,0.00,0.00,0.00,0.00,0.00,0.00,0.00,0.00,0.00,0.00,0.00,0.00,0.00,0.00,0.00,0.00,0.00,0.00,0.00,0.00,0.00,0.00,0.00,0.00,0.00,0.00,0.00,0.00,0.00,0.00,0.00,0.00,0.00,0.00,0.00,0.00,0.00,0.00,0.00,0.00,0.00,0.00,0.00,0.00,0.00,0.00,0.00,0.00,0.00,0.00,0.00,0.00,0.00,0.00,0.00,0.00,0.00,0.00,0.00,0.00,0.00,0.00,0.00,0.00,0.00,0.00,0.00,0.00,0.00,0.00,0.00,0.00,0.00
 ,01.199,Other Building Construction,"500,000.00",0.00,"500,000.00",0.00,"500,000.00",0.00,0.00,0.00,0.00,0.00,0.00,0.00,0.00,0.00,0.00,0.00,0.00,0.00,0.00,0.00,0.00,0.00,0.00,0.00,0.00,0.00,0.00,0.00,0.00,0.00,0.00,0.00,0.00,0.00,0.00,0.00,0.00,0.00,0.00,0.00,0.00,0.00,0.00,0.00,0.00,0.00,0.00,0.00,0.00,0.00,0.00,0.00,0.00,0.00,0.00,0.00,0.00,0.00,0.00,0.00,0.00,0.00,0.00,0.00,0.00,0.00,0.00,0.00,0.00,0.00,0.00,"6,717.42","6,717.42","6,717.42","6,717.42","6,717.42","6,717.42","6,717.42","6,717.42","6,717.42","6,717.42","6,717.42","6,717.42","6,717.42","6,717.42","6,717.42","6,717.42","6,717.42","6,717.42","6,717.42","6,717.42","6,717.42","6,717.42","6,717.42","6,717.42","6,717.42","6,717.42","6,717.42","6,717.42","6,717.42","6,717.42","6,717.42","6,717.42","6,717.42","6,717.42","6,717.42","6,717.42","6,717.42","6,717.42","6,717.42","6,717.42","6,717.42","6,717.42","6,717.42","6,717.42","6,717.42","6,717.42","6,717.42","6,717.42","6,717.42","6,717.42","6,717.42","6,717.42","6,717.42","6,717.42","6,717.42","6,717.42","6,717.42","6,717.42","6,717.42","6,717.42","6,717.42","6,717.42","6,717.42","6,717.42","6,717.42","6,717.42","6,717.42","6,717.42","6,717.42","6,717.42","6,717.42","6,717.42","6,717.42","6,717.42","2,910.88",0.00,0.00,0.04
,02,"Exterior Utility Work, Outside Five Feet of Building Perimeter",0.00,0.00,0.00,0.00,0.00,0.00,0.00,0.00,0.00,0.00,0.00,0.00,0.00,0.00,0.00,0.00,0.00,0.00,0.00,0.00,0.00,0.00,0.00,0.00,0.00,0.00,0.00,0.00,0.00,0.00,0.00,0.00,0.00,0.00,0.00,0.00,0.00,0.00,0.00,0.00,0.00,0.00,0.00,0.00,0.00,0.00,0.00,0.00,0.00,0.00,0.00,0.00,0.00,0.00,0.00,0.00,0.00,0.00,0.00,0.00,0.00,0.00,0.00,0.00,0.00,0.00,0.00,0.00,0.00,0.00,0.00,0.00,0.00,0.00,0.00,0.00,0.00,0.00,0.00,0.00,0.00,0.00,0.00,0.00,0.00,0.00,0.00,0.00,0.00,0.00,0.00,0.00,0.00,0.00,0.00,0.00,0.00,0.00,0.00,0.00,0.00,0.00,0.00,0.00,0.00,0.00,0.00,0.00,0.00,0.00,0.00,0.00,0.00,0.00,0.00,0.00,0.00,0.00,0.00,0.00,0.00,0.00,0.00,0.00,0.00,0.00,0.00,0.00,0.00,0.00,0.00,0.00,0.00,0.00,0.00,0.00,0.00,0.00,0.00,0.00,0.00,0.00,0.00,0.00,0.00,0.00,0.00,0.00,0.00
 ,02.201,Other Site Utility/Specialty Contractors NOT Under Prime,0.00,0.00,0.00,0.00,0.00,0.00,0.00,0.00,0.00,0.00,0.00,0.00,0.00,0.00,0.00,0.00,0.00,0.00,0.00,0.00,0.00,0.00,0.00,0.00,0.00,0.00,0.00,0.00,0.00,0.00,0.00,0.00,0.00,0.00,0.00,0.00,0.00,0.00,0.00,0.00,0.00,0.00,0.00,0.00,0.00,0.00,0.00,0.00,0.00,0.00,0.00,0.00,0.00,0.00,0.00,0.00,0.00,0.00,0.00,0.00,0.00,0.00,0.00,0.00,0.00,0.00,0.00,0.00,0.00,0.00,0.00,0.00,0.00,0.00,0.00,0.00,0.00,0.00,0.00,0.00,0.00,0.00,0.00,0.00,0.00,0.00,0.00,0.00,0.00,0.00,0.00,0.00,0.00,0.00,0.00,0.00,0.00,0.00,0.00,0.00,0.00,0.00,0.00,0.00,0.00,0.00,0.00,0.00,0.00,0.00,0.00,0.00,0.00,0.00,0.00,0.00,0.00,0.00,0.00,0.00,0.00,0.00,0.00,0.00,0.00,0.00,0.00,0.00,0.00,0.00,0.00,0.00,0.00,0.00,0.00,0.00,0.00,0.00,0.00,0.00,0.00,0.00,0.00,0.00,0.00,0.00,0.00,0.00,0.00
 ,02.202,"Prime General Contractor, Site Utility Component",0.00,0.00,0.00,0.00,0.00,0.00,0.00,0.00,0.00,0.00,0.00,0.00,0.00,0.00,0.00,0.00,0.00,0.00,0.00,0.00,0.00,0.00,0.00,0.00,0.00,0.00,0.00,0.00,0.00,0.00,0.00,0.00,0.00,0.00,0.00,0.00,0.00,0.00,0.00,0.00,0.00,0.00,0.00,0.00,0.00,0.00,0.00,0.00,0.00,0.00,0.00,0.00,0.00,0.00,0.00,0.00,0.00,0.00,0.00,0.00,0.00,0.00,0.00,0.00,0.00,0.00,0.00,0.00,0.00,0.00,0.00,0.00,0.00,0.00,0.00,0.00,0.00,0.00,0.00,0.00,0.00,0.00,0.00,0.00,0.00,0.00,0.00,0.00,0.00,0.00,0.00,0.00,0.00,0.00,0.00,0.00,0.00,0.00,0.00,0.00,0.00,0.00,0.00,0.00,0.00,0.00,0.00,0.00,0.00,0.00,0.00,0.00,0.00,0.00,0.00,0.00,0.00,0.00,0.00,0.00,0.00,0.00,0.00,0.00,0.00,0.00,0.00,0.00,0.00,0.00,0.00,0.00,0.00,0.00,0.00,0.00,0.00,0.00,0.00,0.00,0.00,0.00,0.00,0.00,0.00,0.00,0.00,0.00,0.00
 ,02.299,Other Exterior Utilities,0.00,0.00,0.00,0.00,0.00,0.00,0.00,0.00,0.00,0.00,0.00,0.00,0.00,0.00,0.00,0.00,0.00,0.00,0.00,0.00,0.00,0.00,0.00,0.00,0.00,0.00,0.00,0.00,0.00,0.00,0.00,0.00,0.00,0.00,0.00,0.00,0.00,0.00,0.00,0.00,0.00,0.00,0.00,0.00,0.00,0.00,0.00,0.00,0.00,0.00,0.00,0.00,0.00,0.00,0.00,0.00,0.00,0.00,0.00,0.00,0.00,0.00,0.00,0.00,0.00,0.00,0.00,0.00,0.00,0.00,0.00,0.00,0.00,0.00,0.00,0.00,0.00,0.00,0.00,0.00,0.00,0.00,0.00,0.00,0.00,0.00,0.00,0.00,0.00,0.00,0.00,0.00,0.00,0.00,0.00,0.00,0.00,0.00,0.00,0.00,0.00,0.00,0.00,0.00,0.00,0.00,0.00,0.00,0.00,0.00,0.00,0.00,0.00,0.00,0.00,0.00,0.00,0.00,0.00,0.00,0.00,0.00,0.00,0.00,0.00,0.00,0.00,0.00,0.00,0.00,0.00,0.00,0.00,0.00,0.00,0.00,0.00,0.00,0.00,0.00,0.00,0.00,0.00,0.00,0.00,0.00,0.00,0.00,0.00
,03,"Group 2 & 3 Furnishings & Equipment, Owner Furnished Owner Installed (OFOI)",0.00,0.00,0.00,0.00,0.00,0.00,0.00,0.00,0.00,0.00,0.00,0.00,0.00,0.00,0.00,0.00,0.00,0.00,0.00,0.00,0.00,0.00,0.00,0.00,0.00,0.00,0.00,0.00,0.00,0.00,0.00,0.00,0.00,0.00,0.00,0.00,0.00,0.00,0.00,0.00,0.00,0.00,0.00,0.00,0.00,0.00,0.00,0.00,0.00,0.00,0.00,0.00,0.00,0.00,0.00,0.00,0.00,0.00,0.00,0.00,0.00,0.00,0.00,0.00,0.00,0.00,0.00,0.00,0.00,0.00,0.00,0.00,0.00,0.00,0.00,0.00,0.00,0.00,0.00,0.00,0.00,0.00,0.00,0.00,0.00,0.00,0.00,0.00,0.00,0.00,0.00,0.00,0.00,0.00,0.00,0.00,0.00,0.00,0.00,0.00,0.00,0.00,0.00,0.00,0.00,0.00,0.00,0.00,0.00,0.00,0.00,0.00,0.00,0.00,0.00,0.00,0.00,0.00,0.00,0.00,0.00,0.00,0.00,0.00,0.00,0.00,0.00,0.00,0.00,0.00,0.00,0.00,0.00,0.00,0.00,0.00,0.00,0.00,0.00,0.00,0.00,0.00,0.00,0.00,0.00,0.00,0.00,0.00,0.00
 ,03.301,Moveable Equipment & Furnishings,0.00,0.00,0.00,0.00,0.00,0.00,0.00,0.00,0.00,0.00,0.00,0.00,0.00,0.00,0.00,0.00,0.00,0.00,0.00,0.00,0.00,0.00,0.00,0.00,0.00,0.00,0.00,0.00,0.00,0.00,0.00,0.00,0.00,0.00,0.00,0.00,0.00,0.00,0.00,0.00,0.00,0.00,0.00,0.00,0.00,0.00,0.00,0.00,0.00,0.00,0.00,0.00,0.00,0.00,0.00,0.00,0.00,0.00,0.00,0.00,0.00,0.00,0.00,0.00,0.00,0.00,0.00,0.00,0.00,0.00,0.00,0.00,0.00,0.00,0.00,0.00,0.00,0.00,0.00,0.00,0.00,0.00,0.00,0.00,0.00,0.00,0.00,0.00,0.00,0.00,0.00,0.00,0.00,0.00,0.00,0.00,0.00,0.00,0.00,0.00,0.00,0.00,0.00,0.00,0.00,0.00,0.00,0.00,0.00,0.00,0.00,0.00,0.00,0.00,0.00,0.00,0.00,0.00,0.00,0.00,0.00,0.00,0.00,0.00,0.00,0.00,0.00,0.00,0.00,0.00,0.00,0.00,0.00,0.00,0.00,0.00,0.00,0.00,0.00,0.00,0.00,0.00,0.00,0.00,0.00,0.00,0.00,0.00,0.00
 ,03.302,Material Management Services,0.00,0.00,0.00,0.00,0.00,0.00,0.00,0.00,0.00,0.00,0.00,0.00,0.00,0.00,0.00,0.00,0.00,0.00,0.00,0.00,0.00,0.00,0.00,0.00,0.00,0.00,0.00,0.00,0.00,0.00,0.00,0.00,0.00,0.00,0.00,0.00,0.00,0.00,0.00,0.00,0.00,0.00,0.00,0.00,0.00,0.00,0.00,0.00,0.00,0.00,0.00,0.00,0.00,0.00,0.00,0.00,0.00,0.00,0.00,0.00,0.00,0.00,0.00,0.00,0.00,0.00,0.00,0.00,0.00,0.00,0.00,0.00,0.00,0.00,0.00,0.00,0.00,0.00,0.00,0.00,0.00,0.00,0.00,0.00,0.00,0.00,0.00,0.00,0.00,0.00,0.00,0.00,0.00,0.00,0.00,0.00,0.00,0.00,0.00,0.00,0.00,0.00,0.00,0.00,0.00,0.00,0.00,0.00,0.00,0.00,0.00,0.00,0.00,0.00,0.00,0.00,0.00,0.00,0.00,0.00,0.00,0.00,0.00,0.00,0.00,0.00,0.00,0.00,0.00,0.00,0.00,0.00,0.00,0.00,0.00,0.00,0.00,0.00,0.00,0.00,0.00,0.00,0.00,0.00,0.00,0.00,0.00,0.00,0.00
 ,03.303,Moving Expenses,0.00,0.00,0.00,0.00,0.00,0.00,0.00,0.00,0.00,0.00,0.00,0.00,0.00,0.00,0.00,0.00,0.00,0.00,0.00,0.00,0.00,0.00,0.00,0.00,0.00,0.00,0.00,0.00,0.00,0.00,0.00,0.00,0.00,0.00,0.00,0.00,0.00,0.00,0.00,0.00,0.00,0.00,0.00,0.00,0.00,0.00,0.00,0.00,0.00,0.00,0.00,0.00,0.00,0.00,0.00,0.00,0.00,0.00,0.00,0.00,0.00,0.00,0.00,0.00,0.00,0.00,0.00,0.00,0.00,0.00,0.00,0.00,0.00,0.00,0.00,0.00,0.00,0.00,0.00,0.00,0.00,0.00,0.00,0.00,0.00,0.00,0.00,0.00,0.00,0.00,0.00,0.00,0.00,0.00,0.00,0.00,0.00,0.00,0.00,0.00,0.00,0.00,0.00,0.00,0.00,0.00,0.00,0.00,0.00,0.00,0.00,0.00,0.00,0.00,0.00,0.00,0.00,0.00,0.00,0.00,0.00,0.00,0.00,0.00,0.00,0.00,0.00,0.00,0.00,0.00,0.00,0.00,0.00,0.00,0.00,0.00,0.00,0.00,0.00,0.00,0.00,0.00,0.00,0.00,0.00,0.00,0.00,0.00,0.00
 ,03.304,Heavy Custodial Equipment,0.00,0.00,0.00,0.00,0.00,0.00,0.00,0.00,0.00,0.00,0.00,0.00,0.00,0.00,0.00,0.00,0.00,0.00,0.00,0.00,0.00,0.00,0.00,0.00,0.00,0.00,0.00,0.00,0.00,0.00,0.00,0.00,0.00,0.00,0.00,0.00,0.00,0.00,0.00,0.00,0.00,0.00,0.00,0.00,0.00,0.00,0.00,0.00,0.00,0.00,0.00,0.00,0.00,0.00,0.00,0.00,0.00,0.00,0.00,0.00,0.00,0.00,0.00,0.00,0.00,0.00,0.00,0.00,0.00,0.00,0.00,0.00,0.00,0.00,0.00,0.00,0.00,0.00,0.00,0.00,0.00,0.00,0.00,0.00,0.00,0.00,0.00,0.00,0.00,0.00,0.00,0.00,0.00,0.00,0.00,0.00,0.00,0.00,0.00,0.00,0.00,0.00,0.00,0.00,0.00,0.00,0.00,0.00,0.00,0.00,0.00,0.00,0.00,0.00,0.00,0.00,0.00,0.00,0.00,0.00,0.00,0.00,0.00,0.00,0.00,0.00,0.00,0.00,0.00,0.00,0.00,0.00,0.00,0.00,0.00,0.00,0.00,0.00,0.00,0.00,0.00,0.00,0.00,0.00,0.00,0.00,0.00,0.00,0.00
 ,03.305,Refuse Collection Equipment,0.00,0.00,0.00,0.00,0.00,0.00,0.00,0.00,0.00,0.00,0.00,0.00,0.00,0.00,0.00,0.00,0.00,0.00,0.00,0.00,0.00,0.00,0.00,0.00,0.00,0.00,0.00,0.00,0.00,0.00,0.00,0.00,0.00,0.00,0.00,0.00,0.00,0.00,0.00,0.00,0.00,0.00,0.00,0.00,0.00,0.00,0.00,0.00,0.00,0.00,0.00,0.00,0.00,0.00,0.00,0.00,0.00,0.00,0.00,0.00,0.00,0.00,0.00,0.00,0.00,0.00,0.00,0.00,0.00,0.00,0.00,0.00,0.00,0.00,0.00,0.00,0.00,0.00,0.00,0.00,0.00,0.00,0.00,0.00,0.00,0.00,0.00,0.00,0.00,0.00,0.00,0.00,0.00,0.00,0.00,0.00,0.00,0.00,0.00,0.00,0.00,0.00,0.00,0.00,0.00,0.00,0.00,0.00,0.00,0.00,0.00,0.00,0.00,0.00,0.00,0.00,0.00,0.00,0.00,0.00,0.00,0.00,0.00,0.00,0.00,0.00,0.00,0.00,0.00,0.00,0.00,0.00,0.00,0.00,0.00,0.00,0.00,0.00,0.00,0.00,0.00,0.00,0.00,0.00,0.00,0.00,0.00,0.00,0.00
 ,03.306,"House Cleaning, Sterile Clean",0.00,0.00,0.00,0.00,0.00,0.00,0.00,0.00,0.00,0.00,0.00,0.00,0.00,0.00,0.00,0.00,0.00,0.00,0.00,0.00,0.00,0.00,0.00,0.00,0.00,0.00,0.00,0.00,0.00,0.00,0.00,0.00,0.00,0.00,0.00,0.00,0.00,0.00,0.00,0.00,0.00,0.00,0.00,0.00,0.00,0.00,0.00,0.00,0.00,0.00,0.00,0.00,0.00,0.00,0.00,0.00,0.00,0.00,0.00,0.00,0.00,0.00,0.00,0.00,0.00,0.00,0.00,0.00,0.00,0.00,0.00,0.00,0.00,0.00,0.00,0.00,0.00,0.00,0.00,0.00,0.00,0.00,0.00,0.00,0.00,0.00,0.00,0.00,0.00,0.00,0.00,0.00,0.00,0.00,0.00,0.00,0.00,0.00,0.00,0.00,0.00,0.00,0.00,0.00,0.00,0.00,0.00,0.00,0.00,0.00,0.00,0.00,0.00,0.00,0.00,0.00,0.00,0.00,0.00,0.00,0.00,0.00,0.00,0.00,0.00,0.00,0.00,0.00,0.00,0.00,0.00,0.00,0.00,0.00,0.00,0.00,0.00,0.00,0.00,0.00,0.00,0.00,0.00,0.00,0.00,0.00,0.00,0.00,0.00
 ,03.307,Electrical/Data Support for Systems Furniture,0.00,0.00,0.00,0.00,0.00,0.00,0.00,0.00,0.00,0.00,0.00,0.00,0.00,0.00,0.00,0.00,0.00,0.00,0.00,0.00,0.00,0.00,0.00,0.00,0.00,0.00,0.00,0.00,0.00,0.00,0.00,0.00,0.00,0.00,0.00,0.00,0.00,0.00,0.00,0.00,0.00,0.00,0.00,0.00,0.00,0.00,0.00,0.00,0.00,0.00,0.00,0.00,0.00,0.00,0.00,0.00,0.00,0.00,0.00,0.00,0.00,0.00,0.00,0.00,0.00,0.00,0.00,0.00,0.00,0.00,0.00,0.00,0.00,0.00,0.00,0.00,0.00,0.00,0.00,0.00,0.00,0.00,0.00,0.00,0.00,0.00,0.00,0.00,0.00,0.00,0.00,0.00,0.00,0.00,0.00,0.00,0.00,0.00,0.00,0.00,0.00,0.00,0.00,0.00,0.00,0.00,0.00,0.00,0.00,0.00,0.00,0.00,0.00,0.00,0.00,0.00,0.00,0.00,0.00,0.00,0.00,0.00,0.00,0.00,0.00,0.00,0.00,0.00,0.00,0.00,0.00,0.00,0.00,0.00,0.00,0.00,0.00,0.00,0.00,0.00,0.00,0.00,0.00,0.00,0.00,0.00,0.00,0.00,0.00
 ,03.399,"Other Furnishings & Equipment, Owner Furnished Owner Installed",0.00,0.00,0.00,0.00,0.00,0.00,0.00,0.00,0.00,0.00,0.00,0.00,0.00,0.00,0.00,0.00,0.00,0.00,0.00,0.00,0.00,0.00,0.00,0.00,0.00,0.00,0.00,0.00,0.00,0.00,0.00,0.00,0.00,0.00,0.00,0.00,0.00,0.00,0.00,0.00,0.00,0.00,0.00,0.00,0.00,0.00,0.00,0.00,0.00,0.00,0.00,0.00,0.00,0.00,0.00,0.00,0.00,0.00,0.00,0.00,0.00,0.00,0.00,0.00,0.00,0.00,0.00,0.00,0.00,0.00,0.00,0.00,0.00,0.00,0.00,0.00,0.00,0.00,0.00,0.00,0.00,0.00,0.00,0.00,0.00,0.00,0.00,0.00,0.00,0.00,0.00,0.00,0.00,0.00,0.00,0.00,0.00,0.00,0.00,0.00,0.00,0.00,0.00,0.00,0.00,0.00,0.00,0.00,0.00,0.00,0.00,0.00,0.00,0.00,0.00,0.00,0.00,0.00,0.00,0.00,0.00,0.00,0.00,0.00,0.00,0.00,0.00,0.00,0.00,0.00,0.00,0.00,0.00,0.00,0.00,0.00,0.00,0.00,0.00,0.00,0.00,0.00,0.00,0.00,0.00,0.00,0.00,0.00,0.00
,04,"Site Development, Outside Five Feet of Building Perimeter",0.00,0.00,0.00,0.00,0.00,0.00,0.00,0.00,0.00,0.00,0.00,0.00,0.00,0.00,0.00,0.00,0.00,0.00,0.00,0.00,0.00,0.00,0.00,0.00,0.00,0.00,0.00,0.00,0.00,0.00,0.00,0.00,0.00,0.00,0.00,0.00,0.00,0.00,0.00,0.00,0.00,0.00,0.00,0.00,0.00,0.00,0.00,0.00,0.00,0.00,0.00,0.00,0.00,0.00,0.00,0.00,0.00,0.00,0.00,0.00,0.00,0.00,0.00,0.00,0.00,0.00,0.00,0.00,0.00,0.00,0.00,0.00,0.00,0.00,0.00,0.00,0.00,0.00,0.00,0.00,0.00,0.00,0.00,0.00,0.00,0.00,0.00,0.00,0.00,0.00,0.00,0.00,0.00,0.00,0.00,0.00,0.00,0.00,0.00,0.00,0.00,0.00,0.00,0.00,0.00,0.00,0.00,0.00,0.00,0.00,0.00,0.00,0.00,0.00,0.00,0.00,0.00,0.00,0.00,0.00,0.00,0.00,0.00,0.00,0.00,0.00,0.00,0.00,0.00,0.00,0.00,0.00,0.00,0.00,0.00,0.00,0.00,0.00,0.00,0.00,0.00,0.00,0.00,0.00,0.00,0.00,0.00,0.00,0.00
 ,04.401,"Prime General Contractor, Site Hardscape Component",0.00,0.00,0.00,0.00,0.00,0.00,0.00,0.00,0.00,0.00,0.00,0.00,0.00,0.00,0.00,0.00,0.00,0.00,0.00,0.00,0.00,0.00,0.00,0.00,0.00,0.00,0.00,0.00,0.00,0.00,0.00,0.00,0.00,0.00,0.00,0.00,0.00,0.00,0.00,0.00,0.00,0.00,0.00,0.00,0.00,0.00,0.00,0.00,0.00,0.00,0.00,0.00,0.00,0.00,0.00,0.00,0.00,0.00,0.00,0.00,0.00,0.00,0.00,0.00,0.00,0.00,0.00,0.00,0.00,0.00,0.00,0.00,0.00,0.00,0.00,0.00,0.00,0.00,0.00,0.00,0.00,0.00,0.00,0.00,0.00,0.00,0.00,0.00,0.00,0.00,0.00,0.00,0.00,0.00,0.00,0.00,0.00,0.00,0.00,0.00,0.00,0.00,0.00,0.00,0.00,0.00,0.00,0.00,0.00,0.00,0.00,0.00,0.00,0.00,0.00,0.00,0.00,0.00,0.00,0.00,0.00,0.00,0.00,0.00,0.00,0.00,0.00,0.00,0.00,0.00,0.00,0.00,0.00,0.00,0.00,0.00,0.00,0.00,0.00,0.00,0.00,0.00,0.00,0.00,0.00,0.00,0.00,0.00,0.00
 ,04.402,"Prime General Contractor, Site Landscape Component",0.00,0.00,0.00,0.00,0.00,0.00,0.00,0.00,0.00,0.00,0.00,0.00,0.00,0.00,0.00,0.00,0.00,0.00,0.00,0.00,0.00,0.00,0.00,0.00,0.00,0.00,0.00,0.00,0.00,0.00,0.00,0.00,0.00,0.00,0.00,0.00,0.00,0.00,0.00,0.00,0.00,0.00,0.00,0.00,0.00,0.00,0.00,0.00,0.00,0.00,0.00,0.00,0.00,0.00,0.00,0.00,0.00,0.00,0.00,0.00,0.00,0.00,0.00,0.00,0.00,0.00,0.00,0.00,0.00,0.00,0.00,0.00,0.00,0.00,0.00,0.00,0.00,0.00,0.00,0.00,0.00,0.00,0.00,0.00,0.00,0.00,0.00,0.00,0.00,0.00,0.00,0.00,0.00,0.00,0.00,0.00,0.00,0.00,0.00,0.00,0.00,0.00,0.00,0.00,0.00,0.00,0.00,0.00,0.00,0.00,0.00,0.00,0.00,0.00,0.00,0.00,0.00,0.00,0.00,0.00,0.00,0.00,0.00,0.00,0.00,0.00,0.00,0.00,0.00,0.00,0.00,0.00,0.00,0.00,0.00,0.00,0.00,0.00,0.00,0.00,0.00,0.00,0.00,0.00,0.00,0.00,0.00,0.00,0.00
 ,04.403,"Prime General Contractor, Site Lighting Component",0.00,0.00,0.00,0.00,0.00,0.00,0.00,0.00,0.00,0.00,0.00,0.00,0.00,0.00,0.00,0.00,0.00,0.00,0.00,0.00,0.00,0.00,0.00,0.00,0.00,0.00,0.00,0.00,0.00,0.00,0.00,0.00,0.00,0.00,0.00,0.00,0.00,0.00,0.00,0.00,0.00,0.00,0.00,0.00,0.00,0.00,0.00,0.00,0.00,0.00,0.00,0.00,0.00,0.00,0.00,0.00,0.00,0.00,0.00,0.00,0.00,0.00,0.00,0.00,0.00,0.00,0.00,0.00,0.00,0.00,0.00,0.00,0.00,0.00,0.00,0.00,0.00,0.00,0.00,0.00,0.00,0.00,0.00,0.00,0.00,0.00,0.00,0.00,0.00,0.00,0.00,0.00,0.00,0.00,0.00,0.00,0.00,0.00,0.00,0.00,0.00,0.00,0.00,0.00,0.00,0.00,0.00,0.00,0.00,0.00,0.00,0.00,0.00,0.00,0.00,0.00,0.00,0.00,0.00,0.00,0.00,0.00,0.00,0.00,0.00,0.00,0.00,0.00,0.00,0.00,0.00,0.00,0.00,0.00,0.00,0.00,0.00,0.00,0.00,0.00,0.00,0.00,0.00,0.00,0.00,0.00,0.00,0.00,0.00
 ,04.404,Site Signage,0.00,0.00,0.00,0.00,0.00,0.00,0.00,0.00,0.00,0.00,0.00,0.00,0.00,0.00,0.00,0.00,0.00,0.00,0.00,0.00,0.00,0.00,0.00,0.00,0.00,0.00,0.00,0.00,0.00,0.00,0.00,0.00,0.00,0.00,0.00,0.00,0.00,0.00,0.00,0.00,0.00,0.00,0.00,0.00,0.00,0.00,0.00,0.00,0.00,0.00,0.00,0.00,0.00,0.00,0.00,0.00,0.00,0.00,0.00,0.00,0.00,0.00,0.00,0.00,0.00,0.00,0.00,0.00,0.00,0.00,0.00,0.00,0.00,0.00,0.00,0.00,0.00,0.00,0.00,0.00,0.00,0.00,0.00,0.00,0.00,0.00,0.00,0.00,0.00,0.00,0.00,0.00,0.00,0.00,0.00,0.00,0.00,0.00,0.00,0.00,0.00,0.00,0.00,0.00,0.00,0.00,0.00,0.00,0.00,0.00,0.00,0.00,0.00,0.00,0.00,0.00,0.00,0.00,0.00,0.00,0.00,0.00,0.00,0.00,0.00,0.00,0.00,0.00,0.00,0.00,0.00,0.00,0.00,0.00,0.00,0.00,0.00,0.00,0.00,0.00,0.00,0.00,0.00,0.00,0.00,0.00,0.00,0.00,0.00
 ,04.405,"Prime General Contractor, Other Site Development Component",0.00,0.00,0.00,0.00,0.00,0.00,0.00,0.00,0.00,0.00,0.00,0.00,0.00,0.00,0.00,0.00,0.00,0.00,0.00,0.00,0.00,0.00,0.00,0.00,0.00,0.00,0.00,0.00,0.00,0.00,0.00,0.00,0.00,0.00,0.00,0.00,0.00,0.00,0.00,0.00,0.00,0.00,0.00,0.00,0.00,0.00,0.00,0.00,0.00,0.00,0.00,0.00,0.00,0.00,0.00,0.00,0.00,0.00,0.00,0.00,0.00,0.00,0.00,0.00,0.00,0.00,0.00,0.00,0.00,0.00,0.00,0.00,0.00,0.00,0.00,0.00,0.00,0.00,0.00,0.00,0.00,0.00,0.00,0.00,0.00,0.00,0.00,0.00,0.00,0.00,0.00,0.00,0.00,0.00,0.00,0.00,0.00,0.00,0.00,0.00,0.00,0.00,0.00,0.00,0.00,0.00,0.00,0.00,0.00,0.00,0.00,0.00,0.00,0.00,0.00,0.00,0.00,0.00,0.00,0.00,0.00,0.00,0.00,0.00,0.00,0.00,0.00,0.00,0.00,0.00,0.00,0.00,0.00,0.00,0.00,0.00,0.00,0.00,0.00,0.00,0.00,0.00,0.00,0.00,0.00,0.00,0.00,0.00,0.00
 ,04.406,Other Site Development/Specialty Contractors NOT Under Prime,0.00,0.00,0.00,0.00,0.00,0.00,0.00,0.00,0.00,0.00,0.00,0.00,0.00,0.00,0.00,0.00,0.00,0.00,0.00,0.00,0.00,0.00,0.00,0.00,0.00,0.00,0.00,0.00,0.00,0.00,0.00,0.00,0.00,0.00,0.00,0.00,0.00,0.00,0.00,0.00,0.00,0.00,0.00,0.00,0.00,0.00,0.00,0.00,0.00,0.00,0.00,0.00,0.00,0.00,0.00,0.00,0.00,0.00,0.00,0.00,0.00,0.00,0.00,0.00,0.00,0.00,0.00,0.00,0.00,0.00,0.00,0.00,0.00,0.00,0.00,0.00,0.00,0.00,0.00,0.00,0.00,0.00,0.00,0.00,0.00,0.00,0.00,0.00,0.00,0.00,0.00,0.00,0.00,0.00,0.00,0.00,0.00,0.00,0.00,0.00,0.00,0.00,0.00,0.00,0.00,0.00,0.00,0.00,0.00,0.00,0.00,0.00,0.00,0.00,0.00,0.00,0.00,0.00,0.00,0.00,0.00,0.00,0.00,0.00,0.00,0.00,0.00,0.00,0.00,0.00,0.00,0.00,0.00,0.00,0.00,0.00,0.00,0.00,0.00,0.00,0.00,0.00,0.00,0.00,0.00,0.00,0.00,0.00,0.00
 ,04.407,Environmental Site Mitigation,0.00,0.00,0.00,0.00,0.00,0.00,0.00,0.00,0.00,0.00,0.00,0.00,0.00,0.00,0.00,0.00,0.00,0.00,0.00,0.00,0.00,0.00,0.00,0.00,0.00,0.00,0.00,0.00,0.00,0.00,0.00,0.00,0.00,0.00,0.00,0.00,0.00,0.00,0.00,0.00,0.00,0.00,0.00,0.00,0.00,0.00,0.00,0.00,0.00,0.00,0.00,0.00,0.00,0.00,0.00,0.00,0.00,0.00,0.00,0.00,0.00,0.00,0.00,0.00,0.00,0.00,0.00,0.00,0.00,0.00,0.00,0.00,0.00,0.00,0.00,0.00,0.00,0.00,0.00,0.00,0.00,0.00,0.00,0.00,0.00,0.00,0.00,0.00,0.00,0.00,0.00,0.00,0.00,0.00,0.00,0.00,0.00,0.00,0.00,0.00,0.00,0.00,0.00,0.00,0.00,0.00,0.00,0.00,0.00,0.00,0.00,0.00,0.00,0.00,0.00,0.00,0.00,0.00,0.00,0.00,0.00,0.00,0.00,0.00,0.00,0.00,0.00,0.00,0.00,0.00,0.00,0.00,0.00,0.00,0.00,0.00,0.00,0.00,0.00,0.00,0.00,0.00,0.00,0.00,0.00,0.00,0.00,0.00,0.00
 ,04.408,Offsite Site DeveIopment,0.00,0.00,0.00,0.00,0.00,0.00,0.00,0.00,0.00,0.00,0.00,0.00,0.00,0.00,0.00,0.00,0.00,0.00,0.00,0.00,0.00,0.00,0.00,0.00,0.00,0.00,0.00,0.00,0.00,0.00,0.00,0.00,0.00,0.00,0.00,0.00,0.00,0.00,0.00,0.00,0.00,0.00,0.00,0.00,0.00,0.00,0.00,0.00,0.00,0.00,0.00,0.00,0.00,0.00,0.00,0.00,0.00,0.00,0.00,0.00,0.00,0.00,0.00,0.00,0.00,0.00,0.00,0.00,0.00,0.00,0.00,0.00,0.00,0.00,0.00,0.00,0.00,0.00,0.00,0.00,0.00,0.00,0.00,0.00,0.00,0.00,0.00,0.00,0.00,0.00,0.00,0.00,0.00,0.00,0.00,0.00,0.00,0.00,0.00,0.00,0.00,0.00,0.00,0.00,0.00,0.00,0.00,0.00,0.00,0.00,0.00,0.00,0.00,0.00,0.00,0.00,0.00,0.00,0.00,0.00,0.00,0.00,0.00,0.00,0.00,0.00,0.00,0.00,0.00,0.00,0.00,0.00,0.00,0.00,0.00,0.00,0.00,0.00,0.00,0.00,0.00,0.00,0.00,0.00,0.00,0.00,0.00,0.00,0.00
 ,04.499,Other Site Development,0.00,0.00,0.00,0.00,0.00,0.00,0.00,0.00,0.00,0.00,0.00,0.00,0.00,0.00,0.00,0.00,0.00,0.00,0.00,0.00,0.00,0.00,0.00,0.00,0.00,0.00,0.00,0.00,0.00,0.00,0.00,0.00,0.00,0.00,0.00,0.00,0.00,0.00,0.00,0.00,0.00,0.00,0.00,0.00,0.00,0.00,0.00,0.00,0.00,0.00,0.00,0.00,0.00,0.00,0.00,0.00,0.00,0.00,0.00,0.00,0.00,0.00,0.00,0.00,0.00,0.00,0.00,0.00,0.00,0.00,0.00,0.00,0.00,0.00,0.00,0.00,0.00,0.00,0.00,0.00,0.00,0.00,0.00,0.00,0.00,0.00,0.00,0.00,0.00,0.00,0.00,0.00,0.00,0.00,0.00,0.00,0.00,0.00,0.00,0.00,0.00,0.00,0.00,0.00,0.00,0.00,0.00,0.00,0.00,0.00,0.00,0.00,0.00,0.00,0.00,0.00,0.00,0.00,0.00,0.00,0.00,0.00,0.00,0.00,0.00,0.00,0.00,0.00,0.00,0.00,0.00,0.00,0.00,0.00,0.00,0.00,0.00,0.00,0.00,0.00,0.00,0.00,0.00,0.00,0.00,0.00,0.00,0.00,0.00
,05,External Design Consultant Fees,"178,849,496.00","36,008,495.00","178,849,496.00","25,911,813.17","178,849,496.00",0.00,0.00,0.00,0.00,0.00,0.00,0.00,0.00,0.00,0.00,0.00,0.00,0.00,0.00,0.00,0.00,0.00,0.00,"15,612.00","12,765.00","27,952.00",0.00,"10,709.00","10,369.00","13,092.00","11,714.00","12,128.00","12,917.00","10,000.00","7,995.00","463,635.97","433,456.04","1,176,012.61","9,250.00","1,460,133.92","29,660.40","841,778.25","1,409,132.43","583,805.79","557,736.86","3,586.00","1,462,891.76","968,666.83","1,001,896.43","2,246,792.04",0.00,"1,758,755.96","2,233.91",764.00,"3,645,862.63","3,806,382.00","1,971,667.83","1,932,458.51","1,749,695.98","1,749,695.98","1,749,695.98","1,749,695.98","1,749,695.98","1,749,695.98","1,749,695.98","1,749,695.98","1,749,695.98","1,749,695.98","1,749,695.98","1,749,695.98","1,749,695.98","1,749,695.98","1,749,695.98","1,749,695.98","1,749,695.98","1,749,695.98","1,749,695.98","1,749,695.98","1,749,695.98","1,749,695.98","1,749,695.98","1,749,695.98","1,749,695.98","1,749,695.98","1,749,695.98","1,749,695.98","1,749,695.98","1,749,695.98","1,749,695.98","1,749,695.98","1,749,695.98","1,749,695.98","1,749,695.98","1,749,695.98","1,749,695.98","1,749,695.98","1,749,695.98","1,749,695.98","1,749,695.98","1,749,695.98","1,749,335.29","1,748,712.29","1,748,712.29","1,748,712.29","1,748,712.29","1,748,712.29","1,748,712.29","1,748,712.29","1,748,712.29","1,748,712.29","1,748,712.29","1,748,712.29","1,748,712.29","1,748,712.29","1,748,712.29","1,748,712.29","1,748,712.29","1,748,712.29","1,748,712.29","1,748,712.29","1,748,712.29","1,748,712.29","1,748,712.29","1,748,712.29","1,748,712.29","1,748,712.29","1,748,712.29","1,748,712.29","1,748,712.29","1,748,712.29","1,748,712.29","1,748,712.29","1,748,712.29","1,748,712.29","1,748,712.29","1,748,712.29","1,748,712.29","1,748,712.29","1,748,712.29","1,748,712.29","1,748,712.29","1,748,712.29","1,748,712.29","1,748,712.29","1,748,712.29","757,774.94",0.00,0.00,0.68
 ,05.501,Executive Architect/Engineer,"143,745,889.00","34,525,890.00","143,745,889.00","24,837,889.00","143,745,889.00",0.00,0.00,0.00,0.00,0.00,0.00,0.00,0.00,0.00,0.00,0.00,0.00,0.00,0.00,0.00,0.00,0.00,0.00,0.00,0.00,0.00,0.00,0.00,0.00,0.00,0.00,0.00,0.00,0.00,0.00,"437,545.00","363,237.50","888,957.50",0.00,"1,425,000.00",0.00,"827,368.00","1,388,527.00","561,500.00","545,371.00",0.00,"1,400,000.00","934,278.00","980,000.00","2,167,800.00",0.00,"1,716,460.00",0.00,0.00,"3,589,845.00","3,806,000.00","1,903,000.00","1,903,000.00","1,359,984.75","1,359,984.75","1,359,984.75","1,359,984.75","1,359,984.75","1,359,984.75","1,359,984.75","1,359,984.75","1,359,984.75","1,359,984.75","1,359,984.75","1,359,984.75","1,359,984.75","1,359,984.75","1,359,984.75","1,359,984.75","1,359,984.75","1,359,984.75","1,359,984.75","1,359,984.75","1,359,984.75","1,359,984.75","1,359,984.75","1,359,984.75","1,359,984.75","1,359,984.75","1,359,984.75","1,359,984.75","1,359,984.75","1,359,984.75","1,359,984.75","1,359,984.75","1,359,984.75","1,359,984.75","1,359,984.75","1,359,984.75","1,359,984.75","1,359,984.75","1,359,984.75","1,359,984.75","1,359,984.75","1,359,984.75","1,359,984.75","1,359,984.75","1,359,984.75","1,359,984.75","1,359,984.75","1,359,984.75","1,359,984.75","1,359,984.75","1,359,984.75","1,359,984.75","1,359,984.75","1,359,984.75","1,359,984.75","1,359,984.75","1,359,984.75","1,359,984.75","1,359,984.75","1,359,984.75","1,359,984.75","1,359,984.75","1,359,984.75","1,359,984.75","1,359,984.75","1,359,984.75","1,359,984.75","1,359,984.75","1,359,984.75","1,359,984.75","1,359,984.75","1,359,984.75","1,359,984.75","1,359,984.75","1,359,984.75","1,359,984.75","1,359,984.75","1,359,984.75","1,359,984.75","1,359,984.75","1,359,984.75","1,359,984.75","1,359,984.75","1,359,984.75","1,359,984.75","1,359,984.75","1,359,984.75","589,326.43",0.00,0.00,0.32
 ,05.502,Interior/Graphic Designer,0.00,0.00,0.00,0.00,0.00,0.00,0.00,0.00,0.00,0.00,0.00,0.00,0.00,0.00,0.00,0.00,0.00,0.00,0.00,0.00,0.00,0.00,0.00,0.00,0.00,0.00,0.00,0.00,0.00,0.00,0.00,0.00,0.00,0.00,0.00,0.00,0.00,0.00,0.00,0.00,0.00,0.00,0.00,0.00,0.00,0.00,0.00,0.00,0.00,0.00,0.00,0.00,0.00,0.00,0.00,0.00,0.00,0.00,0.00,0.00,0.00,0.00,0.00,0.00,0.00,0.00,0.00,0.00,0.00,0.00,0.00,0.00,0.00,0.00,0.00,0.00,0.00,0.00,0.00,0.00,0.00,0.00,0.00,0.00,0.00,0.00,0.00,0.00,0.00,0.00,0.00,0.00,0.00,0.00,0.00,0.00,0.00,0.00,0.00,0.00,0.00,0.00,0.00,0.00,0.00,0.00,0.00,0.00,0.00,0.00,0.00,0.00,0.00,0.00,0.00,0.00,0.00,0.00,0.00,0.00,0.00,0.00,0.00,0.00,0.00,0.00,0.00,0.00,0.00,0.00,0.00,0.00,0.00,0.00,0.00,0.00,0.00,0.00,0.00,0.00,0.00,0.00,0.00,0.00,0.00,0.00,0.00,0.00,0.00
 ,05.503,Special Foundation Design (non-geotechnical),0.00,0.00,0.00,0.00,0.00,0.00,0.00,0.00,0.00,0.00,0.00,0.00,0.00,0.00,0.00,0.00,0.00,0.00,0.00,0.00,0.00,0.00,0.00,0.00,0.00,0.00,0.00,0.00,0.00,0.00,0.00,0.00,0.00,0.00,0.00,0.00,0.00,0.00,0.00,0.00,0.00,0.00,0.00,0.00,0.00,0.00,0.00,0.00,0.00,0.00,0.00,0.00,0.00,0.00,0.00,0.00,0.00,0.00,0.00,0.00,0.00,0.00,0.00,0.00,0.00,0.00,0.00,0.00,0.00,0.00,0.00,0.00,0.00,0.00,0.00,0.00,0.00,0.00,0.00,0.00,0.00,0.00,0.00,0.00,0.00,0.00,0.00,0.00,0.00,0.00,0.00,0.00,0.00,0.00,0.00,0.00,0.00,0.00,0.00,0.00,0.00,0.00,0.00,0.00,0.00,0.00,0.00,0.00,0.00,0.00,0.00,0.00,0.00,0.00,0.00,0.00,0.00,0.00,0.00,0.00,0.00,0.00,0.00,0.00,0.00,0.00,0.00,0.00,0.00,0.00,0.00,0.00,0.00,0.00,0.00,0.00,0.00,0.00,0.00,0.00,0.00,0.00,0.00,0.00,0.00,0.00,0.00,0.00,0.00
 ,05.504,Foundation Design Contingency,0.00,0.00,0.00,0.00,0.00,0.00,0.00,0.00,0.00,0.00,0.00,0.00,0.00,0.00,0.00,0.00,0.00,0.00,0.00,0.00,0.00,0.00,0.00,0.00,0.00,0.00,0.00,0.00,0.00,0.00,0.00,0.00,0.00,0.00,0.00,0.00,0.00,0.00,0.00,0.00,0.00,0.00,0.00,0.00,0.00,0.00,0.00,0.00,0.00,0.00,0.00,0.00,0.00,0.00,0.00,0.00,0.00,0.00,0.00,0.00,0.00,0.00,0.00,0.00,0.00,0.00,0.00,0.00,0.00,0.00,0.00,0.00,0.00,0.00,0.00,0.00,0.00,0.00,0.00,0.00,0.00,0.00,0.00,0.00,0.00,0.00,0.00,0.00,0.00,0.00,0.00,0.00,0.00,0.00,0.00,0.00,0.00,0.00,0.00,0.00,0.00,0.00,0.00,0.00,0.00,0.00,0.00,0.00,0.00,0.00,0.00,0.00,0.00,0.00,0.00,0.00,0.00,0.00,0.00,0.00,0.00,0.00,0.00,0.00,0.00,0.00,0.00,0.00,0.00,0.00,0.00,0.00,0.00,0.00,0.00,0.00,0.00,0.00,0.00,0.00,0.00,0.00,0.00,0.00,0.00,0.00,0.00,0.00,0.00
 ,05.505,Geotechnical Design Contingency (Unforeseen Soil Conditions),0.00,0.00,0.00,0.00,0.00,0.00,0.00,0.00,0.00,0.00,0.00,0.00,0.00,0.00,0.00,0.00,0.00,0.00,0.00,0.00,0.00,0.00,0.00,0.00,0.00,0.00,0.00,0.00,0.00,0.00,0.00,0.00,0.00,0.00,0.00,0.00,0.00,0.00,0.00,0.00,0.00,0.00,0.00,0.00,0.00,0.00,0.00,0.00,0.00,0.00,0.00,0.00,0.00,0.00,0.00,0.00,0.00,0.00,0.00,0.00,0.00,0.00,0.00,0.00,0.00,0.00,0.00,0.00,0.00,0.00,0.00,0.00,0.00,0.00,0.00,0.00,0.00,0.00,0.00,0.00,0.00,0.00,0.00,0.00,0.00,0.00,0.00,0.00,0.00,0.00,0.00,0.00,0.00,0.00,0.00,0.00,0.00,0.00,0.00,0.00,0.00,0.00,0.00,0.00,0.00,0.00,0.00,0.00,0.00,0.00,0.00,0.00,0.00,0.00,0.00,0.00,0.00,0.00,0.00,0.00,0.00,0.00,0.00,0.00,0.00,0.00,0.00,0.00,0.00,0.00,0.00,0.00,0.00,0.00,0.00,0.00,0.00,0.00,0.00,0.00,0.00,0.00,0.00,0.00,0.00,0.00,0.00,0.00,0.00
 ,05.506,Project Management Consultants,"2,052,900.00","46,898.00","2,052,900.00","41,836.50","2,052,900.00",0.00,0.00,0.00,0.00,0.00,0.00,0.00,0.00,0.00,0.00,0.00,0.00,0.00,0.00,0.00,0.00,0.00,0.00,0.00,0.00,0.00,0.00,0.00,0.00,0.00,0.00,0.00,0.00,0.00,0.00,0.00,0.00,"24,360.00",0.00,"1,814.50","2,005.50","1,050.50","1,146.00",0.00,"2,101.00",382.00,"1,623.50","1,050.50","1,241.50",764.00,0.00,477.50,668.50,764.00,573.00,382.00,764.00,668.50,"23,001.11","23,001.11","23,001.11","23,001.11","23,001.11","23,001.11","23,001.11","23,001.11","23,001.11","23,001.11","23,001.11","23,001.11","23,001.11","23,001.11","23,001.11","23,001.11","23,001.11","23,001.11","23,001.11","23,001.11","23,001.11","23,001.11","23,001.11","23,001.11","23,001.11","23,001.11","23,001.11","23,001.11","23,001.11","23,001.11","23,001.11","23,001.11","23,001.11","23,001.11","23,001.11","23,001.11","23,001.11","23,001.11","23,001.11","23,001.11","23,001.11","23,001.11","23,001.11","23,001.11","23,001.11","23,001.11","23,001.11","23,001.11","23,001.11","23,001.11","23,001.11","23,001.11","23,001.11","23,001.11","23,001.11","23,001.11","23,001.11","23,001.11","23,001.11","23,001.11","23,001.11","23,001.11","23,001.11","23,001.11","23,001.11","23,001.11","23,001.11","23,001.11","23,001.11","23,001.11","23,001.11","23,001.11","23,001.11","23,001.11","23,001.11","23,001.11","23,001.11","23,001.11","23,001.11","23,001.11","23,001.11","23,001.11","23,001.11","23,001.11","23,001.11","23,001.11","23,001.11","9,967.14",0.00,0.00,(0.21)
 ,05.507,Construction Management and/or Scheduling Consultants,"490,200.00","490,200.00","490,200.00","298,840.41","490,200.00",0.00,0.00,0.00,0.00,0.00,0.00,0.00,0.00,0.00,0.00,0.00,0.00,0.00,0.00,0.00,0.00,0.00,0.00,"15,612.00","12,765.00","27,952.00",0.00,"10,709.00","10,369.00","13,092.00","11,714.00","12,128.00","12,917.00","10,000.00","7,995.00","9,902.00","5,858.00","23,505.00","4,175.00","4,562.00","11,049.00","3,406.00","3,002.00","2,396.00","2,194.00","3,204.00","2,800.00","3,105.00","2,687.00","52,546.00",0.00,"1,881.00","1,565.41",0.00,"5,000.00",0.00,0.00,"10,750.00","2,188.63","2,188.63","2,188.63","2,188.63","2,188.63","2,188.63","2,188.63","2,188.63","2,188.63","2,188.63","2,188.63","2,188.63","2,188.63","2,188.63","2,188.63","2,188.63","2,188.63","2,188.63","2,188.63","2,188.63","2,188.63","2,188.63","2,188.63","2,188.63","2,188.63","2,188.63","2,188.63","2,188.63","2,188.63","2,188.63","2,188.63","2,188.63","2,188.63","2,188.63","2,188.63","2,188.63","2,188.63","2,188.63","2,188.63","2,188.63","2,188.63","2,188.63","2,188.63","2,188.63","2,188.63","2,188.63","2,188.63","2,188.63","2,188.63","2,188.63","2,188.63","2,188.63","2,188.63","2,188.63","2,188.63","2,188.63","2,188.63","2,188.63","2,188.63","2,188.63","2,188.63","2,188.63","2,188.63","2,188.63","2,188.63","2,188.63","2,188.63","2,188.63","2,188.63","2,188.63","2,188.63","2,188.63","2,188.63","2,188.63","2,188.63","2,188.63","2,188.63","2,188.63","2,188.63","2,188.63","2,188.63","2,188.63","2,188.63","2,188.63","2,188.63","2,188.63","2,188.63",948.41,0.00,0.00,0.37
 ,05.508,Building Code/Plan Review and Fire/Life Safety Consultant,"52,500.00","32,500.00","52,500.00","31,850.00","52,500.00",0.00,0.00,0.00,0.00,0.00,0.00,0.00,0.00,0.00,0.00,0.00,0.00,0.00,0.00,0.00,0.00,0.00,0.00,0.00,0.00,0.00,0.00,0.00,0.00,0.00,0.00,0.00,0.00,0.00,0.00,0.00,0.00,"29,250.00",0.00,0.00,0.00,0.00,0.00,0.00,"2,600.00",0.00,0.00,0.00,0.00,0.00,0.00,0.00,0.00,0.00,0.00,0.00,0.00,0.00,484.36,484.36,484.36,484.36,484.36,484.36,484.36,484.36,484.36,484.36,484.36,484.36,484.36,484.36,484.36,484.36,484.36,484.36,484.36,484.36,484.36,484.36,484.36,484.36,484.36,484.36,484.36,484.36,484.36,484.36,484.36,484.36,484.36,484.36,484.36,484.36,484.36,484.36,484.36,484.36,484.36,484.36,306.76,0.00,0.00,0.00,0.00,0.00,0.00,0.00,0.00,0.00,0.00,0.00,0.00,0.00,0.00,0.00,0.00,0.00,0.00,0.00,0.00,0.00,0.00,0.00,0.00,0.00,0.00,0.00,0.00,0.00,0.00,0.00,0.00,0.00,0.00,0.00,0.00,0.00,0.00,0.00,0.00,0.00,0.00,0.00,0.00,0.00,0.00,0.00,0.12
 ,05.509,Cost Estimating Consultants,"103,900.00","103,900.00","103,900.00","97,634.69","103,900.00",0.00,0.00,0.00,0.00,0.00,0.00,0.00,0.00,0.00,0.00,0.00,0.00,0.00,0.00,0.00,0.00,0.00,0.00,0.00,0.00,0.00,0.00,0.00,0.00,0.00,0.00,0.00,0.00,0.00,0.00,0.00,"44,211.42","18,867.37","5,075.00","2,975.00","16,605.90",0.00,0.00,"8,525.00","1,375.00",0.00,0.00,0.00,0.00,0.00,0.00,0.00,0.00,0.00,0.00,0.00,0.00,0.00,71.66,71.66,71.66,71.66,71.66,71.66,71.66,71.66,71.66,71.66,71.66,71.66,71.66,71.66,71.66,71.66,71.66,71.66,71.66,71.66,71.66,71.66,71.66,71.66,71.66,71.66,71.66,71.66,71.66,71.66,71.66,71.66,71.66,71.66,71.66,71.66,71.66,71.66,71.66,71.66,71.66,71.66,71.66,71.66,71.66,71.66,71.66,71.66,71.66,71.66,71.66,71.66,71.66,71.66,71.66,71.66,71.66,71.66,71.66,71.66,71.66,71.66,71.66,71.66,71.66,71.66,71.66,71.66,71.66,71.66,71.66,71.66,71.66,71.66,71.66,71.66,71.66,71.66,71.66,71.66,71.66,71.66,71.66,71.66,71.66,71.66,71.66,31.05,0.00,0.00,(0.16)
 ,05.510,Photographic Services,0.00,0.00,0.00,0.00,0.00,0.00,0.00,0.00,0.00,0.00,0.00,0.00,0.00,0.00,0.00,0.00,0.00,0.00,0.00,0.00,0.00,0.00,0.00,0.00,0.00,0.00,0.00,0.00,0.00,0.00,0.00,0.00,0.00,0.00,0.00,0.00,0.00,0.00,0.00,0.00,0.00,0.00,0.00,0.00,0.00,0.00,0.00,0.00,0.00,0.00,0.00,0.00,0.00,0.00,0.00,0.00,0.00,0.00,0.00,0.00,0.00,0.00,0.00,0.00,0.00,0.00,0.00,0.00,0.00,0.00,0.00,0.00,0.00,0.00,0.00,0.00,0.00,0.00,0.00,0.00,0.00,0.00,0.00,0.00,0.00,0.00,0.00,0.00,0.00,0.00,0.00,0.00,0.00,0.00,0.00,0.00,0.00,0.00,0.00,0.00,0.00,0.00,0.00,0.00,0.00,0.00,0.00,0.00,0.00,0.00,0.00,0.00,0.00,0.00,0.00,0.00,0.00,0.00,0.00,0.00,0.00,0.00,0.00,0.00,0.00,0.00,0.00,0.00,0.00,0.00,0.00,0.00,0.00,0.00,0.00,0.00,0.00,0.00,0.00,0.00,0.00,0.00,0.00,0.00,0.00,0.00,0.00,0.00,0.00
 ,05.511,Executive Architect/Engineer Reimbursable Costs,"8,225,000.00","630,000.00","8,225,000.00","445,943.84","8,225,000.00",0.00,0.00,0.00,0.00,0.00,0.00,0.00,0.00,0.00,0.00,0.00,0.00,0.00,0.00,0.00,0.00,0.00,0.00,0.00,0.00,0.00,0.00,0.00,0.00,0.00,0.00,0.00,0.00,0.00,0.00,"16,188.97","20,149.12","53,588.63",0.00,"25,782.42",0.00,"9,953.75","16,457.43","7,879.39","4,095.86",0.00,"46,130.34","30,233.33","13,476.63","25,682.04",0.00,"39,937.46",0.00,0.00,"50,444.63",0.00,"67,903.83","18,040.01","88,971.29","88,971.29","88,971.29","88,971.29","88,971.29","88,971.29","88,971.29","88,971.29","88,971.29","88,971.29","88,971.29","88,971.29","88,971.29","88,971.29","88,971.29","88,971.29","88,971.29","88,971.29","88,971.29","88,971.29","88,971.29","88,971.29","88,971.29","88,971.29","88,971.29","88,971.29","88,971.29","88,971.29","88,971.29","88,971.29","88,971.29","88,971.29","88,971.29","88,971.29","88,971.29","88,971.29","88,971.29","88,971.29","88,971.29","88,971.29","88,971.29","88,971.29","88,971.29","88,971.29","88,971.29","88,971.29","88,971.29","88,971.29","88,971.29","88,971.29","88,971.29","88,971.29","88,971.29","88,971.29","88,971.29","88,971.29","88,971.29","88,971.29","88,971.29","88,971.29","88,971.29","88,971.29","88,971.29","88,971.29","88,971.29","88,971.29","88,971.29","88,971.29","88,971.29","88,971.29","88,971.29","88,971.29","88,971.29","88,971.29","88,971.29","88,971.29","88,971.29","88,971.29","88,971.29","88,971.29","88,971.29","88,971.29","88,971.29","88,971.29","88,971.29","88,971.29","88,971.29","38,554.20",0.00,0.00,(0.27)
 ,05.512,Executive A/E Additional Services/Design Change Authorizations,"24,000,000.00",0.00,"24,000,000.00",0.00,"24,000,000.00",0.00,0.00,0.00,0.00,0.00,0.00,0.00,0.00,0.00,0.00,0.00,0.00,0.00,0.00,0.00,0.00,0.00,0.00,0.00,0.00,0.00,0.00,0.00,0.00,0.00,0.00,0.00,0.00,0.00,0.00,0.00,0.00,0.00,0.00,0.00,0.00,0.00,0.00,0.00,0.00,0.00,0.00,0.00,0.00,0.00,0.00,0.00,0.00,0.00,0.00,0.00,0.00,0.00,"274,494.85","274,494.85","274,494.85","274,494.85","274,494.85","274,494.85","274,494.85","274,494.85","274,494.85","274,494.85","274,494.85","274,494.85","274,494.85","274,494.85","274,494.85","274,494.85","274,494.85","274,494.85","274,494.85","274,494.85","274,494.85","274,494.85","274,494.85","274,494.85","274,494.85","274,494.85","274,494.85","274,494.85","274,494.85","274,494.85","274,494.85","274,494.85","274,494.85","274,494.85","274,494.85","274,494.85","274,494.85","274,494.85","274,494.85","274,494.85","274,494.85","274,494.85","274,494.85","274,494.85","274,494.85","274,494.85","274,494.85","274,494.85","274,494.85","274,494.85","274,494.85","274,494.85","274,494.85","274,494.85","274,494.85","274,494.85","274,494.85","274,494.85","274,494.85","274,494.85","274,494.85","274,494.85","274,494.85","274,494.85","274,494.85","274,494.85","274,494.85","274,494.85","274,494.85","274,494.85","274,494.85","274,494.85","274,494.85","274,494.85","274,494.85","274,494.85","274,494.85","274,494.85","274,494.85","274,494.85","274,494.85","274,494.85","274,494.85","274,494.85","274,494.85","274,494.85","274,494.85","118,947.71",0.00,0.00,0.34
 ,05.513,Consulting IOR/Construction Inspection,0.00,0.00,0.00,0.00,0.00,0.00,0.00,0.00,0.00,0.00,0.00,0.00,0.00,0.00,0.00,0.00,0.00,0.00,0.00,0.00,0.00,0.00,0.00,0.00,0.00,0.00,0.00,0.00,0.00,0.00,0.00,0.00,0.00,0.00,0.00,0.00,0.00,0.00,0.00,0.00,0.00,0.00,0.00,0.00,0.00,0.00,0.00,0.00,0.00,0.00,0.00,0.00,0.00,0.00,0.00,0.00,0.00,0.00,0.00,0.00,0.00,0.00,0.00,0.00,0.00,0.00,0.00,0.00,0.00,0.00,0.00,0.00,0.00,0.00,0.00,0.00,0.00,0.00,0.00,0.00,0.00,0.00,0.00,0.00,0.00,0.00,0.00,0.00,0.00,0.00,0.00,0.00,0.00,0.00,0.00,0.00,0.00,0.00,0.00,0.00,0.00,0.00,0.00,0.00,0.00,0.00,0.00,0.00,0.00,0.00,0.00,0.00,0.00,0.00,0.00,0.00,0.00,0.00,0.00,0.00,0.00,0.00,0.00,0.00,0.00,0.00,0.00,0.00,0.00,0.00,0.00,0.00,0.00,0.00,0.00,0.00,0.00,0.00,0.00,0.00,0.00,0.00,0.00,0.00,0.00,0.00,0.00,0.00,0.00
 ,05.514,Medical Center Operational CostslWork Requests,0.00,0.00,0.00,0.00,0.00,0.00,0.00,0.00,0.00,0.00,0.00,0.00,0.00,0.00,0.00,0.00,0.00,0.00,0.00,0.00,0.00,0.00,0.00,0.00,0.00,0.00,0.00,0.00,0.00,0.00,0.00,0.00,0.00,0.00,0.00,0.00,0.00,0.00,0.00,0.00,0.00,0.00,0.00,0.00,0.00,0.00,0.00,0.00,0.00,0.00,0.00,0.00,0.00,0.00,0.00,0.00,0.00,0.00,0.00,0.00,0.00,0.00,0.00,0.00,0.00,0.00,0.00,0.00,0.00,0.00,0.00,0.00,0.00,0.00,0.00,0.00,0.00,0.00,0.00,0.00,0.00,0.00,0.00,0.00,0.00,0.00,0.00,0.00,0.00,0.00,0.00,0.00,0.00,0.00,0.00,0.00,0.00,0.00,0.00,0.00,0.00,0.00,0.00,0.00,0.00,0.00,0.00,0.00,0.00,0.00,0.00,0.00,0.00,0.00,0.00,0.00,0.00,0.00,0.00,0.00,0.00,0.00,0.00,0.00,0.00,0.00,0.00,0.00,0.00,0.00,0.00,0.00,0.00,0.00,0.00,0.00,0.00,0.00,0.00,0.00,0.00,0.00,0.00,0.00,0.00,0.00,0.00,0.00,0.00
 ,05.515,Medical Center Equipment Planners,0.00,0.00,0.00,0.00,0.00,0.00,0.00,0.00,0.00,0.00,0.00,0.00,0.00,0.00,0.00,0.00,0.00,0.00,0.00,0.00,0.00,0.00,0.00,0.00,0.00,0.00,0.00,0.00,0.00,0.00,0.00,0.00,0.00,0.00,0.00,0.00,0.00,0.00,0.00,0.00,0.00,0.00,0.00,0.00,0.00,0.00,0.00,0.00,0.00,0.00,0.00,0.00,0.00,0.00,0.00,0.00,0.00,0.00,0.00,0.00,0.00,0.00,0.00,0.00,0.00,0.00,0.00,0.00,0.00,0.00,0.00,0.00,0.00,0.00,0.00,0.00,0.00,0.00,0.00,0.00,0.00,0.00,0.00,0.00,0.00,0.00,0.00,0.00,0.00,0.00,0.00,0.00,0.00,0.00,0.00,0.00,0.00,0.00,0.00,0.00,0.00,0.00,0.00,0.00,0.00,0.00,0.00,0.00,0.00,0.00,0.00,0.00,0.00,0.00,0.00,0.00,0.00,0.00,0.00,0.00,0.00,0.00,0.00,0.00,0.00,0.00,0.00,0.00,0.00,0.00,0.00,0.00,0.00,0.00,0.00,0.00,0.00,0.00,0.00,0.00,0.00,0.00,0.00,0.00,0.00,0.00,0.00,0.00,0.00
 ,05.516,Medical Center Planners,0.00,0.00,0.00,0.00,0.00,0.00,0.00,0.00,0.00,0.00,0.00,0.00,0.00,0.00,0.00,0.00,0.00,0.00,0.00,0.00,0.00,0.00,0.00,0.00,0.00,0.00,0.00,0.00,0.00,0.00,0.00,0.00,0.00,0.00,0.00,0.00,0.00,0.00,0.00,0.00,0.00,0.00,0.00,0.00,0.00,0.00,0.00,0.00,0.00,0.00,0.00,0.00,0.00,0.00,0.00,0.00,0.00,0.00,0.00,0.00,0.00,0.00,0.00,0.00,0.00,0.00,0.00,0.00,0.00,0.00,0.00,0.00,0.00,0.00,0.00,0.00,0.00,0.00,0.00,0.00,0.00,0.00,0.00,0.00,0.00,0.00,0.00,0.00,0.00,0.00,0.00,0.00,0.00,0.00,0.00,0.00,0.00,0.00,0.00,0.00,0.00,0.00,0.00,0.00,0.00,0.00,0.00,0.00,0.00,0.00,0.00,0.00,0.00,0.00,0.00,0.00,0.00,0.00,0.00,0.00,0.00,0.00,0.00,0.00,0.00,0.00,0.00,0.00,0.00,0.00,0.00,0.00,0.00,0.00,0.00,0.00,0.00,0.00,0.00,0.00,0.00,0.00,0.00,0.00,0.00,0.00,0.00,0.00,0.00
 ,05.599,Other External Design Consultants,"179,107.00","179,107.00","179,107.00","157,818.73","179,107.00",0.00,0.00,0.00,0.00,0.00,0.00,0.00,0.00,0.00,0.00,0.00,0.00,0.00,0.00,0.00,0.00,0.00,0.00,0.00,0.00,0.00,0.00,0.00,0.00,0.00,0.00,0.00,0.00,0.00,0.00,0.00,0.00,"137,484.11",0.00,0.00,0.00,0.00,0.00,"3,505.40",0.00,0.00,"12,337.92",0.00,"4,491.30",0.00,0.00,0.00,0.00,0.00,0.00,0.00,0.00,0.00,499.33,499.33,499.33,499.33,499.33,499.33,499.33,499.33,499.33,499.33,499.33,499.33,499.33,499.33,499.33,499.33,499.33,499.33,499.33,499.33,499.33,499.33,499.33,499.33,499.33,499.33,499.33,499.33,499.33,499.33,499.33,499.33,499.33,499.33,499.33,499.33,499.33,499.33,499.33,499.33,499.33,499.33,316.24,0.00,0.00,0.00,0.00,0.00,0.00,0.00,0.00,0.00,0.00,0.00,0.00,0.00,0.00,0.00,0.00,0.00,0.00,0.00,0.00,0.00,0.00,0.00,0.00,0.00,0.00,0.00,0.00,0.00,0.00,0.00,0.00,0.00,0.00,0.00,0.00,0.00,0.00,0.00,0.00,0.00,0.00,0.00,0.00,0.00,0.00,0.00,0.17
,06,Internal FD&C Recharge Services,"34,940,000.00","3,196,572.00","34,940,000.00","3,058,583.00","34,940,000.00",0.00,0.00,0.00,0.00,0.00,0.00,0.00,0.00,0.00,0.00,0.00,0.00,0.00,"3,626.00","9,207.00","5,844.00","6,518.25","7,098.00","11,428.75","27,314.75","30,379.25","37,656.50","50,691.50","35,611.50","59,922.00","37,715.50","98,931.50","43,800.50","90,716.50","98,465.25","178,884.00","167,927.00","121,379.75","116,817.75","141,268.25","117,682.50","181,254.75","45,191.25","47,876.50","31,262.50","56,163.00","69,775.50","109,464.25","87,247.00","73,596.25","94,821.50","106,482.00","132,742.50","201,132.50","118,972.50","121,118.00","82,597.00",0.00,"220,084.78","220,084.78","220,084.78","220,084.78","220,084.78","220,084.78","220,084.78","220,084.78","220,084.78","220,084.78","220,084.78","295,101.90","370,119.08","370,119.08","370,119.08","370,119.08","370,119.08","370,119.08","370,119.08","370,119.08","370,119.08","370,119.08","370,119.08","370,119.08","370,119.08","370,119.08","370,119.08","370,119.08","370,119.08","370,119.08","370,119.08","370,119.08","370,119.08","370,119.08","370,119.08","370,119.08","370,119.08","370,119.08","370,119.08","370,119.08","370,119.08","370,119.08","370,119.08","370,119.08","370,119.08","370,119.08","370,119.08","370,119.08","370,119.08","370,119.08","370,119.08","370,119.08","370,119.08","370,119.08","370,119.08","370,119.08","370,119.08","370,119.08","370,119.08","370,119.08","370,119.08","370,119.08","370,119.08","370,119.08","370,119.08","370,119.08","370,119.08","370,119.08","370,119.08","370,119.08","370,119.08","370,119.08","370,119.08","370,119.08","370,119.08","370,119.08","370,119.08","370,119.08","370,119.08","370,119.08","370,119.08","370,119.08","370,119.08","370,119.08","370,119.08","370,119.08","370,119.08","370,119.08","370,119.08","370,119.08","296,094.28"
 ,06.601,FD&C Project Administration,"2,855,000.00","775,560.00","2,855,000.00","768,415.50","2,855,000.00",0.00,0.00,0.00,0.00,0.00,0.00,0.00,0.00,0.00,0.00,0.00,0.00,0.00,290.00,0.00,0.00,"2,900.00","4,350.00","4,350.00","1,450.00",0.00,"3,443.00","4,695.00","6,260.00","1,565.00","3,130.00","42,330.00","27,439.00","42,330.00","35,075.00","65,373.00","49,141.00","35,369.00","51,847.00","56,950.00","49,075.00","60,250.00","3,960.00",330.00,"1,950.00","5,855.00","26,330.00","43,890.00","28,925.00","25,715.00","8,217.00","10,878.00","29,106.00","24,990.00",588.00,"8,085.00","1,984.50",0.00,"22,980.01","22,980.01","22,980.01","22,980.01","22,980.01","22,980.01","22,980.01","22,980.01","22,980.01","22,980.01","22,980.01","22,980.01","22,980.01","22,980.01","22,980.01","22,980.01","22,980.01","22,980.01","22,980.01","22,980.01","22,980.01","22,980.01","22,980.01","22,980.01","22,980.01","22,980.01","22,980.01","22,980.01","22,980.01","22,980.01","22,980.01","22,980.01","22,980.01","22,980.01","22,980.01","22,980.01","22,980.01","22,980.01","22,980.01","22,980.01","22,980.01","22,980.01","22,980.01","22,980.01","22,980.01","22,980.01","22,980.01","22,980.01","22,980.01","22,980.01","22,980.01","22,980.01","22,980.01","22,980.01","22,980.01","22,980.01","22,980.01","22,980.01","22,980.01","22,980.01","22,980.01","22,980.01","22,980.01","22,980.01","22,980.01","22,980.01","22,980.01","22,980.01","22,980.01","22,980.01","22,980.01","22,980.01","22,980.01","22,980.01","22,980.01","22,980.01","22,980.01","22,980.01","22,980.01","22,980.01","22,980.01","22,980.01","22,980.01","22,980.01","22,980.01","22,980.01","22,980.01","22,980.01","22,980.01","22,980.01","18,383.60"
 ,06.602,FD&C Project Management,"17,000,000.00","1,951,942.50","17,000,000.00","1,847,577.50","17,000,000.00",0.00,0.00,0.00,0.00,0.00,0.00,0.00,0.00,0.00,0.00,0.00,0.00,0.00,"3,259.00","8,822.00","5,151.00","2,829.00","2,209.00","6,644.00","22,929.00","28,609.00","30,207.50","41,976.50","27,296.50","52,465.00","29,314.50","48,486.50","11,810.50","39,791.50","51,840.25","99,930.00","105,976.00","67,678.00","50,784.00","66,954.00","54,810.00","97,459.00","29,242.00","27,151.00","19,552.50","38,258.00","31,742.50","50,757.50","45,825.25","35,524.00","71,574.00","79,782.00","78,860.00","133,582.00","94,681.00","90,518.00","63,296.00",0.00,"166,876.90","166,876.90","166,876.90","166,876.90","166,876.90","166,876.90","166,876.90","166,876.90","166,876.90","166,876.90","166,876.90","166,876.90","166,876.90","166,876.90","166,876.90","166,876.90","166,876.90","166,876.90","166,876.90","166,876.90","166,876.90","166,876.90","166,876.90","166,876.90","166,876.90","166,876.90","166,876.90","166,876.90","166,876.90","166,876.90","166,876.90","166,876.90","166,876.90","166,876.90","166,876.90","166,876.90","166,876.90","166,876.90","166,876.90","166,876.90","166,876.90","166,876.90","166,876.90","166,876.90","166,876.90","166,876.90","166,876.90","166,876.90","166,876.90","166,876.90","166,876.90","166,876.90","166,876.90","166,876.90","166,876.90","166,876.90","166,876.90","166,876.90","166,876.90","166,876.90","166,876.90","166,876.90","166,876.90","166,876.90","166,876.90","166,876.90","166,876.90","166,876.90","166,876.90","166,876.90","166,876.90","166,876.90","166,876.90","166,876.90","166,876.90","166,876.90","166,876.90","166,876.90","166,876.90","166,876.90","166,876.90","166,876.90","166,876.90","166,876.90","166,876.90","166,876.90","166,876.90","166,876.90","166,876.90","166,876.90","133,501.50"
 ,06.603,FD&C Project Engineering/Mechanical/Electrical/Civil,"550,000.00","14,728.00","550,000.00","12,952.00","550,000.00",0.00,0.00,0.00,0.00,0.00,0.00,0.00,0.00,0.00,0.00,0.00,0.00,0.00,0.00,0.00,0.00,0.00,0.00,0.00,0.00,0.00,0.00,0.00,0.00,0.00,0.00,0.00,0.00,0.00,0.00,0.00,81.00,0.00,688.00,172.00,344.00,"1,376.00",0.00,516.00,0.00,0.00,0.00,0.00,0.00,0.00,0.00,0.00,"5,725.00","2,358.00",0.00,582.00,"1,110.00",0.00,"5,914.63","5,914.63","5,914.63","5,914.63","5,914.63","5,914.63","5,914.63","5,914.63","5,914.63","5,914.63","5,914.63","5,914.63","5,914.63","5,914.63","5,914.63","5,914.63","5,914.63","5,914.63","5,914.63","5,914.63","5,914.63","5,914.63","5,914.63","5,914.63","5,914.63","5,914.63","5,914.63","5,914.63","5,914.63","5,914.63","5,914.63","5,914.63","5,914.63","5,914.63","5,914.63","5,914.63","5,914.63","5,914.63","5,914.63","5,914.63","5,914.63","5,914.63","5,914.63","5,914.63","5,914.63","5,914.63","5,914.63","5,914.63","5,914.63","5,914.63","5,914.63","5,914.63","5,914.63","5,914.63","5,914.63","5,914.63","5,914.63","5,914.63","5,914.63","5,914.63","5,914.63","5,914.63","5,914.63","5,914.63","5,914.63","5,914.63","5,914.63","5,914.63","5,914.63","5,914.63","5,914.63","5,914.63","5,914.63","5,914.63","5,914.63","5,914.63","5,914.63","5,914.63","5,914.63","5,914.63","5,914.63","5,914.63","5,914.63","5,914.63","5,914.63","5,914.63","5,914.63","5,914.63","5,914.63","5,914.63","4,731.30"
 ,06.604,FD&C Contracts Office,"225,000.00","146,263.25","225,000.00","140,571.75","225,000.00",0.00,0.00,0.00,0.00,0.00,0.00,0.00,0.00,0.00,0.00,0.00,0.00,0.00,0.00,0.00,38.50,673.75,308.00,357.75,"2,858.75","1,616.25","3,271.00","3,432.00",795.00,"4,926.00","4,431.00","6,645.00","2,661.00","2,988.00","3,129.00","3,879.00","2,943.00","6,631.25","2,901.50","4,643.25","3,574.50","4,883.75","3,044.75","9,086.25","2,128.25","2,527.00","2,803.00","4,136.75","4,264.25","4,658.75","5,483.50","7,786.00","7,438.50","7,715.50","4,642.50","2,725.00","4,544.50",0.00,929.83,929.83,929.83,929.83,929.83,929.83,929.83,929.83,929.83,929.83,929.83,929.83,929.83,929.83,929.83,929.83,929.83,929.83,929.83,929.83,929.83,929.83,929.83,929.83,929.83,929.83,929.83,929.83,929.83,929.83,929.83,929.83,929.83,929.83,929.83,929.83,929.83,929.83,929.83,929.83,929.83,929.83,929.83,929.83,929.83,929.83,929.83,929.83,929.83,929.83,929.83,929.83,929.83,929.83,929.83,929.83,929.83,929.83,929.83,929.83,929.83,929.83,929.83,929.83,929.83,929.83,929.83,929.83,929.83,929.83,929.83,929.83,929.83,929.83,929.83,929.83,929.83,929.83,929.83,929.83,929.83,929.83,929.83,929.83,929.83,929.83,929.83,929.83,929.83,929.83,743.55
 ,06.605,FD&C IOR/Construction Inspection,"11,900,000.00","2,280.00","11,900,000.00","2,280.00","11,900,000.00",0.00,0.00,0.00,0.00,0.00,0.00,0.00,0.00,0.00,0.00,0.00,0.00,0.00,0.00,0.00,0.00,0.00,0.00,0.00,0.00,0.00,0.00,0.00,0.00,0.00,0.00,0.00,0.00,0.00,0.00,0.00,0.00,300.00,0.00,0.00,0.00,198.00,0.00,"1,782.00",0.00,0.00,0.00,0.00,0.00,0.00,0.00,0.00,0.00,0.00,0.00,0.00,0.00,0.00,0.00,0.00,0.00,0.00,0.00,0.00,0.00,0.00,0.00,0.00,0.00,"75,017.12","150,034.30","150,034.30","150,034.30","150,034.30","150,034.30","150,034.30","150,034.30","150,034.30","150,034.30","150,034.30","150,034.30","150,034.30","150,034.30","150,034.30","150,034.30","150,034.30","150,034.30","150,034.30","150,034.30","150,034.30","150,034.30","150,034.30","150,034.30","150,034.30","150,034.30","150,034.30","150,034.30","150,034.30","150,034.30","150,034.30","150,034.30","150,034.30","150,034.30","150,034.30","150,034.30","150,034.30","150,034.30","150,034.30","150,034.30","150,034.30","150,034.30","150,034.30","150,034.30","150,034.30","150,034.30","150,034.30","150,034.30","150,034.30","150,034.30","150,034.30","150,034.30","150,034.30","150,034.30","150,034.30","150,034.30","150,034.30","150,034.30","150,034.30","150,034.30","150,034.30","150,034.30","150,034.30","150,034.30","150,034.30","150,034.30","150,034.30","150,034.30","150,034.30","150,034.30","150,034.30","150,034.30","150,034.30","150,034.30","150,034.30","150,034.30","150,034.30","150,034.30","150,034.30","120,027.48"
 ,06.606,Capital Planning/Campus Budget Office,0.00,0.00,0.00,0.00,0.00,0.00,0.00,0.00,0.00,0.00,0.00,0.00,0.00,0.00,0.00,0.00,0.00,0.00,0.00,0.00,0.00,0.00,0.00,0.00,0.00,0.00,0.00,0.00,0.00,0.00,0.00,0.00,0.00,0.00,0.00,0.00,0.00,0.00,0.00,0.00,0.00,0.00,0.00,0.00,0.00,0.00,0.00,0.00,0.00,0.00,0.00,0.00,0.00,0.00,0.00,0.00,0.00,0.00,0.00,0.00,0.00,0.00,0.00,0.00,0.00,0.00,0.00,0.00,0.00,0.00,0.00,0.00,0.00,0.00,0.00,0.00,0.00,0.00,0.00,0.00,0.00,0.00,0.00,0.00,0.00,0.00,0.00,0.00,0.00,0.00,0.00,0.00,0.00,0.00,0.00,0.00,0.00,0.00,0.00,0.00,0.00,0.00,0.00,0.00,0.00,0.00,0.00,0.00,0.00,0.00,0.00,0.00,0.00,0.00,0.00,0.00,0.00,0.00,0.00,0.00,0.00,0.00,0.00,0.00,0.00,0.00,0.00,0.00,0.00,0.00,0.00,0.00,0.00,0.00,0.00,0.00,0.00,0.00,0.00,0.00,0.00,0.00,0.00,0.00,0.00,0.00,0.00,0.00,0.00
 ,06.607,FD&C Project Specialist,"2,410,000.00","305,798.25","2,410,000.00","286,786.25","2,410,000.00",0.00,0.00,0.00,0.00,0.00,0.00,0.00,0.00,0.00,0.00,0.00,0.00,0.00,77.00,385.00,654.50,115.50,231.00,77.00,77.00,154.00,735.00,588.00,"1,260.00",966.00,840.00,"1,470.00","1,890.00","5,607.00","8,421.00","9,702.00","9,786.00","11,401.50","10,597.25","12,549.00","9,879.00","17,088.00","8,944.50","9,011.25","7,631.75","9,523.00","8,900.00","10,680.00","8,232.50","7,698.50","9,547.00","8,036.00","11,613.00","32,487.00","19,061.00","19,208.00","11,662.00",0.00,"23,383.41","23,383.41","23,383.41","23,383.41","23,383.41","23,383.41","23,383.41","23,383.41","23,383.41","23,383.41","23,383.41","23,383.41","23,383.41","23,383.41","23,383.41","23,383.41","23,383.41","23,383.41","23,383.41","23,383.41","23,383.41","23,383.41","23,383.41","23,383.41","23,383.41","23,383.41","23,383.41","23,383.41","23,383.41","23,383.41","23,383.41","23,383.41","23,383.41","23,383.41","23,383.41","23,383.41","23,383.41","23,383.41","23,383.41","23,383.41","23,383.41","23,383.41","23,383.41","23,383.41","23,383.41","23,383.41","23,383.41","23,383.41","23,383.41","23,383.41","23,383.41","23,383.41","23,383.41","23,383.41","23,383.41","23,383.41","23,383.41","23,383.41","23,383.41","23,383.41","23,383.41","23,383.41","23,383.41","23,383.41","23,383.41","23,383.41","23,383.41","23,383.41","23,383.41","23,383.41","23,383.41","23,383.41","23,383.41","23,383.41","23,383.41","23,383.41","23,383.41","23,383.41","23,383.41","23,383.41","23,383.41","23,383.41","23,383.41","23,383.41","23,383.41","23,383.41","23,383.41","23,383.41","23,383.41","23,383.41","18,706.85"
 ,06.608,FD&C Fiscal Office,0.00,0.00,0.00,0.00,0.00,0.00,0.00,0.00,0.00,0.00,0.00,0.00,0.00,0.00,0.00,0.00,0.00,0.00,0.00,0.00,0.00,0.00,0.00,0.00,0.00,0.00,0.00,0.00,0.00,0.00,0.00,0.00,0.00,0.00,0.00,0.00,0.00,0.00,0.00,0.00,0.00,0.00,0.00,0.00,0.00,0.00,0.00,0.00,0.00,0.00,0.00,0.00,0.00,0.00,0.00,0.00,0.00,0.00,0.00,0.00,0.00,0.00,0.00,0.00,0.00,0.00,0.00,0.00,0.00,0.00,0.00,0.00,0.00,0.00,0.00,0.00,0.00,0.00,0.00,0.00,0.00,0.00,0.00,0.00,0.00,0.00,0.00,0.00,0.00,0.00,0.00,0.00,0.00,0.00,0.00,0.00,0.00,0.00,0.00,0.00,0.00,0.00,0.00,0.00,0.00,0.00,0.00,0.00,0.00,0.00,0.00,0.00,0.00,0.00,0.00,0.00,0.00,0.00,0.00,0.00,0.00,0.00,0.00,0.00,0.00,0.00,0.00,0.00,0.00,0.00,0.00,0.00,0.00,0.00,0.00,0.00,0.00,0.00,0.00,0.00,0.00,0.00,0.00,0.00,0.00,0.00,0.00,0.00,0.00
 ,06.609,Physcial/Community Planning Office,0.00,0.00,0.00,0.00,0.00,0.00,0.00,0.00,0.00,0.00,0.00,0.00,0.00,0.00,0.00,0.00,0.00,0.00,0.00,0.00,0.00,0.00,0.00,0.00,0.00,0.00,0.00,0.00,0.00,0.00,0.00,0.00,0.00,0.00,0.00,0.00,0.00,0.00,0.00,0.00,0.00,0.00,0.00,0.00,0.00,0.00,0.00,0.00,0.00,0.00,0.00,0.00,0.00,0.00,0.00,0.00,0.00,0.00,0.00,0.00,0.00,0.00,0.00,0.00,0.00,0.00,0.00,0.00,0.00,0.00,0.00,0.00,0.00,0.00,0.00,0.00,0.00,0.00,0.00,0.00,0.00,0.00,0.00,0.00,0.00,0.00,0.00,0.00,0.00,0.00,0.00,0.00,0.00,0.00,0.00,0.00,0.00,0.00,0.00,0.00,0.00,0.00,0.00,0.00,0.00,0.00,0.00,0.00,0.00,0.00,0.00,0.00,0.00,0.00,0.00,0.00,0.00,0.00,0.00,0.00,0.00,0.00,0.00,0.00,0.00,0.00,0.00,0.00,0.00,0.00,0.00,0.00,0.00,0.00,0.00,0.00,0.00,0.00,0.00,0.00,0.00,0.00,0.00,0.00,0.00,0.00,0.00,0.00,0.00
 ,06.610,Auxiliary & Plant Services Offices,0.00,0.00,0.00,0.00,0.00,0.00,0.00,0.00,0.00,0.00,0.00,0.00,0.00,0.00,0.00,0.00,0.00,0.00,0.00,0.00,0.00,0.00,0.00,0.00,0.00,0.00,0.00,0.00,0.00,0.00,0.00,0.00,0.00,0.00,0.00,0.00,0.00,0.00,0.00,0.00,0.00,0.00,0.00,0.00,0.00,0.00,0.00,0.00,0.00,0.00,0.00,0.00,0.00,0.00,0.00,0.00,0.00,0.00,0.00,0.00,0.00,0.00,0.00,0.00,0.00,0.00,0.00,0.00,0.00,0.00,0.00,0.00,0.00,0.00,0.00,0.00,0.00,0.00,0.00,0.00,0.00,0.00,0.00,0.00,0.00,0.00,0.00,0.00,0.00,0.00,0.00,0.00,0.00,0.00,0.00,0.00,0.00,0.00,0.00,0.00,0.00,0.00,0.00,0.00,0.00,0.00,0.00,0.00,0.00,0.00,0.00,0.00,0.00,0.00,0.00,0.00,0.00,0.00,0.00,0.00,0.00,0.00,0.00,0.00,0.00,0.00,0.00,0.00,0.00,0.00,0.00,0.00,0.00,0.00,0.00,0.00,0.00,0.00,0.00,0.00,0.00,0.00,0.00,0.00,0.00,0.00,0.00,0.00,0.00
 ,06.611,Environmental Health and Safety Office,0.00,0.00,0.00,0.00,0.00,0.00,0.00,0.00,0.00,0.00,0.00,0.00,0.00,0.00,0.00,0.00,0.00,0.00,0.00,0.00,0.00,0.00,0.00,0.00,0.00,0.00,0.00,0.00,0.00,0.00,0.00,0.00,0.00,0.00,0.00,0.00,0.00,0.00,0.00,0.00,0.00,0.00,0.00,0.00,0.00,0.00,0.00,0.00,0.00,0.00,0.00,0.00,0.00,0.00,0.00,0.00,0.00,0.00,0.00,0.00,0.00,0.00,0.00,0.00,0.00,0.00,0.00,0.00,0.00,0.00,0.00,0.00,0.00,0.00,0.00,0.00,0.00,0.00,0.00,0.00,0.00,0.00,0.00,0.00,0.00,0.00,0.00,0.00,0.00,0.00,0.00,0.00,0.00,0.00,0.00,0.00,0.00,0.00,0.00,0.00,0.00,0.00,0.00,0.00,0.00,0.00,0.00,0.00,0.00,0.00,0.00,0.00,0.00,0.00,0.00,0.00,0.00,0.00,0.00,0.00,0.00,0.00,0.00,0.00,0.00,0.00,0.00,0.00,0.00,0.00,0.00,0.00,0.00,0.00,0.00,0.00,0.00,0.00,0.00,0.00,0.00,0.00,0.00,0.00,0.00,0.00,0.00,0.00,0.00
 ,06.612,UCSD Sustainablity Initiatives,0.00,0.00,0.00,0.00,0.00,0.00,0.00,0.00,0.00,0.00,0.00,0.00,0.00,0.00,0.00,0.00,0.00,0.00,0.00,0.00,0.00,0.00,0.00,0.00,0.00,0.00,0.00,0.00,0.00,0.00,0.00,0.00,0.00,0.00,0.00,0.00,0.00,0.00,0.00,0.00,0.00,0.00,0.00,0.00,0.00,0.00,0.00,0.00,0.00,0.00,0.00,0.00,0.00,0.00,0.00,0.00,0.00,0.00,0.00,0.00,0.00,0.00,0.00,0.00,0.00,0.00,0.00,0.00,0.00,0.00,0.00,0.00,0.00,0.00,0.00,0.00,0.00,0.00,0.00,0.00,0.00,0.00,0.00,0.00,0.00,0.00,0.00,0.00,0.00,0.00,0.00,0.00,0.00,0.00,0.00,0.00,0.00,0.00,0.00,0.00,0.00,0.00,0.00,0.00,0.00,0.00,0.00,0.00,0.00,0.00,0.00,0.00,0.00,0.00,0.00,0.00,0.00,0.00,0.00,0.00,0.00,0.00,0.00,0.00,0.00,0.00,0.00,0.00,0.00,0.00,0.00,0.00,0.00,0.00,0.00,0.00,0.00,0.00,0.00,0.00,0.00,0.00,0.00,0.00,0.00,0.00,0.00,0.00,0.00
 ,06.699,Other UCSD Employee Recharge Services',0.00,0.00,0.00,0.00,0.00,0.00,0.00,0.00,0.00,0.00,0.00,0.00,0.00,0.00,0.00,0.00,0.00,0.00,0.00,0.00,0.00,0.00,0.00,0.00,0.00,0.00,0.00,0.00,0.00,0.00,0.00,0.00,0.00,0.00,0.00,0.00,0.00,0.00,0.00,0.00,0.00,0.00,0.00,0.00,0.00,0.00,0.00,0.00,0.00,0.00,0.00,0.00,0.00,0.00,0.00,0.00,0.00,0.00,0.00,0.00,0.00,0.00,0.00,0.00,0.00,0.00,0.00,0.00,0.00,0.00,0.00,0.00,0.00,0.00,0.00,0.00,0.00,0.00,0.00,0.00,0.00,0.00,0.00,0.00,0.00,0.00,0.00,0.00,0.00,0.00,0.00,0.00,0.00,0.00,0.00,0.00,0.00,0.00,0.00,0.00,0.00,0.00,0.00,0.00,0.00,0.00,0.00,0.00,0.00,0.00,0.00,0.00,0.00,0.00,0.00,0.00,0.00,0.00,0.00,0.00,0.00,0.00,0.00,0.00,0.00,0.00,0.00,0.00,0.00,0.00,0.00,0.00,0.00,0.00,0.00,0.00,0.00,0.00,0.00,0.00,0.00,0.00,0.00,0.00,0.00,0.00,0.00,0.00,0.00
,07,"Advertisement, Surveys, Soils Reports, Material Testing & Special Inspection, Reproduction Costs","16,517,414.00","570,280.83","16,517,414.00","328,625.15","16,518,059.00",0.00,0.00,0.00,0.00,0.00,0.00,0.00,0.00,0.00,0.00,0.00,0.00,0.00,0.00,0.00,0.00,0.00,0.00,0.00,0.00,0.00,0.00,0.00,0.00,0.00,0.00,0.00,830.00,0.00,"5,500.00","8,610.25","90,860.00","28,900.46",0.00,"8,750.00","3,065.00","8,000.00","27,451.45",0.00,"1,540.29",374.01,0.00,0.00,0.00,0.00,0.00,0.00,402.73,"2,236.00","75,415.99","34,418.38","6,883.65","25,386.94","558,222.77","369,433.32","240,156.16","153,546.37","96,803.57","60,417.41","37,596.81","23,594.18","15,191.48","10,256.53","7,421.76","5,852.28","5,085.30","192,702.07","192,454.28","192,326.75","192,262.55","192,228.41","192,182.72","192,182.79","192,182.90","192,183.10","192,183.44","192,183.99","192,184.88","192,186.29","192,188.49","192,191.87","192,196.95","192,204.47","192,215.38","192,230.93","192,252.72","192,282.68","192,323.16","192,376.86","192,446.87","192,536.47","192,649.11","192,788.18","192,956.84","193,157.64","193,392.70","193,662.71","193,967.41","194,305.12","194,672.74","195,065.57","195,478.51","195,904.21","196,335.43","196,764.46","197,183.69","197,585.63","197,965.30","198,316.43","198,635.72","198,920.88","199,171.00","199,386.49","199,568.27","199,720.35","199,844.03","199,943.19","200,021.26","200,081.64","200,126.91","200,161.71","200,186.78","200,204.82","200,217.57","200,226.42","200,231.85","200,236.49","200,239.15","200,240.87","200,241.96","200,242.64","200,243.05","200,242.70","200,243.45","200,243.53","200,243.58","200,243.61","200,243.63","200,243.03","200,243.64","86,772.30",0.00,0.00,0.69
 ,07.701,Publishing and Advertising Costs,"10,000.00",0.00,"10,000.00",0.00,"10,000.00",0.00,0.00,0.00,0.00,0.00,0.00,0.00,0.00,0.00,0.00,0.00,0.00,0.00,0.00,0.00,0.00,0.00,0.00,0.00,0.00,0.00,0.00,0.00,0.00,0.00,0.00,0.00,0.00,0.00,0.00,0.00,0.00,0.00,0.00,0.00,0.00,0.00,0.00,0.00,0.00,0.00,0.00,0.00,0.00,0.00,0.00,0.00,0.00,0.00,0.00,0.00,0.00,0.00,0.00,0.00,0.00,0.00,0.00,0.00,0.00,0.00,0.00,0.00,0.00,23.62,132.25,132.25,132.25,132.25,132.25,132.25,132.25,132.25,132.25,132.25,132.25,132.25,132.25,132.25,132.25,132.25,132.25,132.25,132.25,132.25,132.25,132.25,132.25,132.25,132.25,132.25,132.25,132.25,132.25,132.25,132.25,132.25,132.25,132.25,132.25,132.25,132.25,132.25,132.25,132.25,132.25,132.25,132.25,132.25,132.25,132.25,132.25,132.25,132.25,132.25,132.25,132.25,132.25,132.25,132.25,132.25,132.25,132.25,132.25,132.25,132.25,132.25,132.25,132.25,132.25,132.25,132.25,132.25,132.25,132.25,132.25,132.25,132.25,132.25,132.25,57.31,0.00,0.00,0.32
 ,07.702,Boundary and Topographic Surveys,"214,985.00","214,985.00","214,985.00","184,905.00","214,985.00",0.00,0.00,0.00,0.00,0.00,0.00,0.00,0.00,0.00,0.00,0.00,0.00,0.00,0.00,0.00,0.00,0.00,0.00,0.00,0.00,0.00,0.00,0.00,0.00,0.00,0.00,0.00,0.00,0.00,0.00,"2,660.00","33,370.00","15,300.00",0.00,"8,750.00","3,065.00","8,000.00","2,930.00",0.00,0.00,0.00,0.00,0.00,0.00,0.00,0.00,0.00,0.00,0.00,"62,465.00","30,830.00",0.00,"17,535.00","10,875.72","7,171.29","4,634.60","2,935.14","1,821.73","1,107.76",659.97,385.21,220.33,123.50,67.88,36.62,19.43,10.19,5.33,2.83,1.57,0.90,0.00,0.00,0.00,0.00,0.00,0.00,0.00,0.00,0.00,0.00,0.00,0.00,0.00,0.00,0.00,0.00,0.00,0.00,0.00,0.00,0.00,0.00,0.00,0.00,0.00,0.00,0.00,0.00,0.00,0.00,0.00,0.00,0.00,0.00,0.00,0.00,0.00,0.00,0.00,0.00,0.00,0.00,0.00,0.00,0.00,0.00,0.00,0.00,0.00,0.00,0.00,0.00,0.00,0.00,0.00,0.00,0.00,0.00,0.00,0.00,0.00,0.00,0.00,0.00,0.00,0.00,0.00,0.00,0.00,0.00,0.00,0.00,0.00
 ,07.703,"Soils, Geology, Foundation Recommendations, Hydrology","1,622,349.00","244,349.00","1,622,349.00","120,105.20","1,622,994.00",0.00,0.00,0.00,0.00,0.00,0.00,0.00,0.00,0.00,0.00,0.00,0.00,0.00,0.00,0.00,0.00,0.00,0.00,0.00,0.00,0.00,0.00,0.00,0.00,0.00,0.00,0.00,0.00,0.00,"5,500.00","5,500.00","57,490.00","13,375.00",0.00,0.00,0.00,0.00,"24,521.45",0.00,0.00,0.00,0.00,0.00,0.00,0.00,0.00,0.00,0.00,0.00,"8,537.50",0.00,"3,090.00","2,091.25","543,384.43","358,299.41","231,558.94","146,648.61","91,019.22","55,347.03","32,974.22","19,246.35","11,008.53","6,170.41","3,391.26","1,829.42",971.00,509.24,266.31,141.27,78.32,44.83,0.00,0.00,0.00,0.00,0.00,0.00,0.00,0.00,0.00,0.00,0.00,0.00,0.00,0.00,0.00,0.00,0.00,0.00,0.00,0.00,0.00,0.00,0.00,0.00,0.00,0.00,0.00,0.00,0.00,0.00,0.00,0.00,0.00,0.00,0.00,0.00,0.00,0.00,0.00,0.00,0.00,0.00,0.00,0.00,0.00,0.00,0.00,0.00,0.00,0.00,0.00,0.00,0.00,0.00,0.00,0.00,0.00,0.00,0.00,0.00,0.00,0.00,0.00,0.00,0.00,0.00,0.00,0.00,0.00,0.00,0.00,0.00,0.00
 ,07.704,Material & Workmanship Testing & Inspection,"14,000,000.00",0.00,"14,000,000.00",0.00,"14,000,000.00",0.00,0.00,0.00,0.00,0.00,0.00,0.00,0.00,0.00,0.00,0.00,0.00,0.00,0.00,0.00,0.00,0.00,0.00,0.00,0.00,0.00,0.00,0.00,0.00,0.00,0.00,0.00,0.00,0.00,0.00,0.00,0.00,0.00,0.00,0.00,0.00,0.00,0.00,0.00,0.00,0.00,0.00,0.00,0.00,0.00,0.00,0.00,0.00,0.00,0.00,0.00,0.00,0.00,0.00,0.00,0.00,0.00,0.00,0.00,0.00,0.00,0.00,0.00,0.00,0.00,0.00,"188,087.77","188,087.77","188,087.77","188,087.77","188,087.77","188,087.77","188,087.77","188,087.77","188,087.77","188,087.77","188,087.77","188,087.77","188,087.77","188,087.77","188,087.77","188,087.77","188,087.77","188,087.77","188,087.77","188,087.77","188,087.77","188,087.77","188,087.77","188,087.77","188,087.77","188,087.77","188,087.77","188,087.77","188,087.77","188,087.77","188,087.77","188,087.77","188,087.77","188,087.77","188,087.77","188,087.77","188,087.77","188,087.77","188,087.77","188,087.77","188,087.77","188,087.77","188,087.77","188,087.77","188,087.77","188,087.77","188,087.77","188,087.77","188,087.77","188,087.77","188,087.77","188,087.77","188,087.77","188,087.77","188,087.77","188,087.77","188,087.77","188,087.77","188,087.77","188,087.77","188,087.77","188,087.77","188,087.77","188,087.77","188,087.77","188,087.77","188,087.77","188,087.77","188,087.77","188,087.77","188,087.77","188,087.77","188,087.77","188,087.77","81,504.66",0.00,0.00,0.36
 ,07.705,Air Balance Testing,0.00,0.00,0.00,0.00,0.00,0.00,0.00,0.00,0.00,0.00,0.00,0.00,0.00,0.00,0.00,0.00,0.00,0.00,0.00,0.00,0.00,0.00,0.00,0.00,0.00,0.00,0.00,0.00,0.00,0.00,0.00,0.00,0.00,0.00,0.00,0.00,0.00,0.00,0.00,0.00,0.00,0.00,0.00,0.00,0.00,0.00,0.00,0.00,0.00,0.00,0.00,0.00,0.00,0.00,0.00,0.00,0.00,0.00,0.00,0.00,0.00,0.00,0.00,0.00,0.00,0.00,0.00,0.00,0.00,0.00,0.00,0.00,0.00,0.00,0.00,0.00,0.00,0.00,0.00,0.00,0.00,0.00,0.00,0.00,0.00,0.00,0.00,0.00,0.00,0.00,0.00,0.00,0.00,0.00,0.00,0.00,0.00,0.00,0.00,0.00,0.00,0.00,0.00,0.00,0.00,0.00,0.00,0.00,0.00,0.00,0.00,0.00,0.00,0.00,0.00,0.00,0.00,0.00,0.00,0.00,0.00,0.00,0.00,0.00,0.00,0.00,0.00,0.00,0.00,0.00,0.00,0.00,0.00,0.00,0.00,0.00,0.00,0.00,0.00,0.00,0.00,0.00,0.00,0.00,0.00,0.00,0.00,0.00,0.00
 ,07.706,Medical Gas Testing,"300,000.00",0.00,"300,000.00",0.00,"300,000.00",0.00,0.00,0.00,0.00,0.00,0.00,0.00,0.00,0.00,0.00,0.00,0.00,0.00,0.00,0.00,0.00,0.00,0.00,0.00,0.00,0.00,0.00,0.00,0.00,0.00,0.00,0.00,0.00,0.00,0.00,0.00,0.00,0.00,0.00,0.00,0.00,0.00,0.00,0.00,0.00,0.00,0.00,0.00,0.00,0.00,0.00,0.00,0.00,0.00,0.00,0.00,0.00,0.00,0.00,0.00,0.00,0.00,0.00,0.00,0.00,0.00,0.00,0.00,0.00,0.00,0.00,0.00,0.00,0.01,0.02,0.04,0.08,0.15,0.26,0.46,0.80,1.35,2.24,3.65,5.85,9.23,14.31,21.83,32.74,48.29,70.08,100.04,140.52,194.22,264.23,353.83,466.47,605.54,774.20,975.00,"1,210.06","1,480.07","1,784.77","2,122.48","2,490.10","2,882.93","3,295.87","3,721.57","4,152.79","4,581.82","5,001.05","5,402.99","5,782.66","6,133.79","6,453.08","6,738.24","6,988.36","7,203.85","7,385.63","7,537.71","7,661.39","7,760.55","7,838.62","7,899.00","7,944.27","7,979.07","8,004.14","8,022.18","8,034.93","8,043.78","8,049.21","8,053.85","8,056.51","8,058.23","8,059.32","8,060.00","8,060.41","8,060.06","8,060.81","8,060.89","8,060.94","8,060.97","8,060.99","8,060.39","8,061.00","3,493.20",0.00,0.00,0.03
 ,07.707,Construction Document Reproduction Costs,"100,000.00",0.00,"100,000.00",0.00,"100,000.00",0.00,0.00,0.00,0.00,0.00,0.00,0.00,0.00,0.00,0.00,0.00,0.00,0.00,0.00,0.00,0.00,0.00,0.00,0.00,0.00,0.00,0.00,0.00,0.00,0.00,0.00,0.00,0.00,0.00,0.00,0.00,0.00,0.00,0.00,0.00,0.00,0.00,0.00,0.00,0.00,0.00,0.00,0.00,0.00,0.00,0.00,0.00,0.00,0.00,0.00,0.00,0.00,0.00,"1,143.73","1,143.73","1,143.73","1,143.73","1,143.73","1,143.73","1,143.73","1,143.73","1,143.73","1,143.73","1,143.73","1,143.73","1,143.73","1,143.73","1,143.73","1,143.73","1,143.73","1,143.73","1,143.73","1,143.73","1,143.73","1,143.73","1,143.73","1,143.73","1,143.73","1,143.73","1,143.73","1,143.73","1,143.73","1,143.73","1,143.73","1,143.73","1,143.73","1,143.73","1,143.73","1,143.73","1,143.73","1,143.73","1,143.73","1,143.73","1,143.73","1,143.73","1,143.73","1,143.73","1,143.73","1,143.73","1,143.73","1,143.73","1,143.73","1,143.73","1,143.73","1,143.73","1,143.73","1,143.73","1,143.73","1,143.73","1,143.73","1,143.73","1,143.73","1,143.73","1,143.73","1,143.73","1,143.73","1,143.73","1,143.73","1,143.73","1,143.73","1,143.73","1,143.73","1,143.73","1,143.73","1,143.73","1,143.73","1,143.73","1,143.73","1,143.73","1,143.73","1,143.73","1,143.73","1,143.73","1,143.73","1,143.73","1,143.73","1,143.73","1,143.73","1,143.73","1,143.73",495.62,0.00,0.00,(0.13)
 ,07.708,Postal/Courier Services,"11,000.00",2.73,"11,000.00",2.73,"11,000.00",0.00,0.00,0.00,0.00,0.00,0.00,0.00,0.00,0.00,0.00,0.00,0.00,0.00,0.00,0.00,0.00,0.00,0.00,0.00,0.00,0.00,0.00,0.00,0.00,0.00,0.00,0.00,0.00,0.00,0.00,0.00,0.00,0.00,0.00,0.00,0.00,0.00,0.00,0.00,0.00,0.00,0.00,0.00,0.00,0.00,0.00,0.00,2.73,0.00,0.00,0.00,0.00,0.00,125.78,125.78,125.78,125.78,125.78,125.78,125.78,125.78,125.78,125.78,125.78,125.78,125.78,125.78,125.78,125.78,125.78,125.78,125.78,125.78,125.78,125.78,125.78,125.78,125.78,125.78,125.78,125.78,125.78,125.78,125.78,125.78,125.78,125.78,125.78,125.78,125.78,125.78,125.78,125.78,125.78,125.78,125.78,125.78,125.78,125.78,125.78,125.78,125.78,125.78,125.78,125.78,125.78,125.78,125.78,125.78,125.78,125.78,125.78,125.78,125.78,125.78,125.78,125.78,125.78,125.78,125.78,125.78,125.78,125.78,125.78,125.78,125.78,125.78,125.78,125.78,125.78,125.78,125.78,125.78,125.78,125.78,125.78,125.78,125.78,125.78,125.78,54.50,0.00,0.00,(0.09)
 ,07.709,"Meals, Travel & Entertainment Costs","152,000.00","3,864.10","152,000.00","3,864.10","152,000.00",0.00,0.00,0.00,0.00,0.00,0.00,0.00,0.00,0.00,0.00,0.00,0.00,0.00,0.00,0.00,0.00,0.00,0.00,0.00,0.00,0.00,0.00,0.00,0.00,0.00,0.00,0.00,830.00,0.00,0.00,450.25,0.00,225.46,0.00,0.00,0.00,0.00,0.00,0.00,"1,540.29",374.01,0.00,0.00,0.00,0.00,0.00,0.00,0.00,0.00,444.09,0.00,0.00,0.00,"1,694.27","1,694.27","1,694.27","1,694.27","1,694.27","1,694.27","1,694.27","1,694.27","1,694.27","1,694.27","1,694.27","1,694.27","1,694.27","1,694.27","1,694.27","1,694.27","1,694.27","1,694.27","1,694.27","1,694.27","1,694.27","1,694.27","1,694.27","1,694.27","1,694.27","1,694.27","1,694.27","1,694.27","1,694.27","1,694.27","1,694.27","1,694.27","1,694.27","1,694.27","1,694.27","1,694.27","1,694.27","1,694.27","1,694.27","1,694.27","1,694.27","1,694.27","1,694.27","1,694.27","1,694.27","1,694.27","1,694.27","1,694.27","1,694.27","1,694.27","1,694.27","1,694.27","1,694.27","1,694.27","1,694.27","1,694.27","1,694.27","1,694.27","1,694.27","1,694.27","1,694.27","1,694.27","1,694.27","1,694.27","1,694.27","1,694.27","1,694.27","1,694.27","1,694.27","1,694.27","1,694.27","1,694.27","1,694.27","1,694.27","1,694.27","1,694.27","1,694.27","1,694.27","1,694.27","1,694.27","1,694.27","1,694.27","1,694.27","1,694.27","1,694.27","1,694.27","1,694.27",734.18,0.00,0.00,0.23
 ,07.799,"Other Surveys, Testing, or Reproduction Costs","107,080.00","107,080.00","107,080.00","19,748.12","107,080.00",0.00,0.00,0.00,0.00,0.00,0.00,0.00,0.00,0.00,0.00,0.00,0.00,0.00,0.00,0.00,0.00,0.00,0.00,0.00,0.00,0.00,0.00,0.00,0.00,0.00,0.00,0.00,0.00,0.00,0.00,0.00,0.00,0.00,0.00,0.00,0.00,0.00,0.00,0.00,0.00,0.00,0.00,0.00,0.00,0.00,0.00,0.00,400.00,"2,236.00","3,969.40","3,588.38","3,793.65","5,760.69",998.84,998.84,998.84,998.84,998.84,998.84,998.84,998.84,998.84,998.84,998.84,998.84,998.84,998.84,998.84,998.84,998.84,998.84,998.84,998.84,998.84,998.84,998.84,998.84,998.84,998.84,998.84,998.84,998.84,998.84,998.84,998.84,998.84,998.84,998.84,998.84,998.84,998.84,998.84,998.84,998.84,998.84,998.84,998.84,998.84,998.84,998.84,998.84,998.84,998.84,998.84,998.84,998.84,998.84,998.84,998.84,998.84,998.84,998.84,998.84,998.84,998.84,998.84,998.84,998.84,998.84,998.84,998.84,998.84,998.84,998.84,998.84,998.84,998.84,998.84,998.84,998.84,998.84,998.84,998.84,998.84,998.84,998.84,998.84,998.84,998.84,998.84,432.83,0.00,0.00,(0.03)
,08,Special Cost Items,"58,105,280.10","1,213,281.10","58,105,280.10","806,374.96","38,105,280.10",0.00,0.00,0.00,0.00,0.00,0.00,0.00,0.00,0.00,0.00,0.00,0.00,0.00,0.00,0.00,0.00,0.00,845.00,0.00,"20,677.60",0.00,"14,834.95",0.00,0.00,"26,000.00","2,765.00",0.00,"2,971.00","2,540.00","2,607.75",0.00,429.00,0.00,0.00,0.00,0.00,0.00,"10,000.00",0.00,0.00,"127,960.36","115,850.00",0.00,"5,000.00",0.00,"463,867.64",0.00,0.00,0.00,0.00,0.00,"10,026.66",0.00,"25,964.28","25,964.28","25,964.28","25,964.28","25,964.28","25,964.28","25,964.28","25,964.28","25,964.28","25,964.28","25,964.28","206,422.59","1,036,532.72","1,058,954.17","1,058,954.17","1,058,954.19","1,058,953.64","1,058,594.71","1,053,380.42","1,053,380.70","1,053,381.16","1,053,381.96","1,053,382.70","1,053,385.50","1,053,389.06","1,053,394.70","1,053,403.52","1,053,417.03","1,053,436.76","1,053,467.41","1,053,511.06","1,053,573.27","1,053,660.41","1,053,780.27","1,053,942.20","1,054,156.39","1,054,437.03","1,054,795.42","1,055,245.97","1,055,802.27","1,056,476.90","1,057,279.52","699,216.29","80,198.70","81,417.49","82,768.33","84,238.84","85,809.53","87,461.92","89,164.70","90,889.59","92,605.71","94,282.64","95,889.80","97,409.06","98,813.61","100,090.77","101,231.38","102,231.89","103,093.84","103,820.35","104,429.26","104,924.00","105,320.62","105,632.93","105,874.44","106,054.90","106,194.71","106,294.99","106,367.14","106,418.14","106,453.54","106,474.69","106,493.85","106,504.49","106,511.35","106,515.70","106,518.42","106,520.09","106,518.08","106,521.68","106,522.01","106,522.21","106,522.31","106,522.38","106,519.41","106,522.42","46,160.21",0.00,0.00,1.83
 ,08.801,Loan Finance Charges/lnterest During Construction,"20,000,000.00",0.00,"20,000,000.00",0.00,0.00,0.00,0.00,0.00,0.00,0.00,0.00,0.00,0.00,0.00,0.00,0.00,0.00,0.00,0.00,0.00,0.00,0.00,0.00,0.00,0.00,0.00,0.00,0.00,0.00,0.00,0.00,0.00,0.00,0.00,0.00,0.00,0.00,0.00,0.00,0.00,0.00,0.00,0.00,0.00,0.00,0.00,0.00,0.00,0.00,0.00,0.00,0.00,0.00,0.00,0.00,0.00,0.00,0.00,0.00,0.00,0.00,0.00,0.00,0.00,0.00,0.00,0.00,0.00,0.00,0.00,0.00,0.00,0.00,0.00,0.00,0.00,0.00,0.00,0.00,0.00,0.00,0.00,0.00,0.00,0.00,0.00,0.00,0.00,0.00,0.00,0.00,0.00,0.00,0.00,0.00,0.00,0.00,0.00,0.00,0.00,0.00,0.00,0.00,0.00,0.00,0.00,0.00,0.00,0.00,0.00,0.00,0.00,0.00,0.00,0.00,0.00,0.00,0.00,0.00,0.00,0.00,0.00,0.00,0.00,0.00,0.00,0.00,0.00,0.00,0.00,0.00,0.00,0.00,0.00,0.00,0.00,0.00,0.00,0.00,0.00,0.00,0.00,0.00,0.00,0.00,0.00,0.00,0.00,0.00
 ,08.802,Detailed Project Program (DPP) & Predesign Study Costs,0.00,0.00,0.00,0.00,0.00,0.00,0.00,0.00,0.00,0.00,0.00,0.00,0.00,0.00,0.00,0.00,0.00,0.00,0.00,0.00,0.00,0.00,0.00,0.00,0.00,0.00,0.00,0.00,0.00,0.00,0.00,0.00,0.00,0.00,0.00,0.00,0.00,0.00,0.00,0.00,0.00,0.00,0.00,0.00,0.00,0.00,0.00,0.00,0.00,0.00,0.00,0.00,0.00,0.00,0.00,0.00,0.00,0.00,0.00,0.00,0.00,0.00,0.00,0.00,0.00,0.00,0.00,0.00,0.00,0.00,0.00,0.00,0.00,0.00,0.00,0.00,0.00,0.00,0.00,0.00,0.00,0.00,0.00,0.00,0.00,0.00,0.00,0.00,0.00,0.00,0.00,0.00,0.00,0.00,0.00,0.00,0.00,0.00,0.00,0.00,0.00,0.00,0.00,0.00,0.00,0.00,0.00,0.00,0.00,0.00,0.00,0.00,0.00,0.00,0.00,0.00,0.00,0.00,0.00,0.00,0.00,0.00,0.00,0.00,0.00,0.00,0.00,0.00,0.00,0.00,0.00,0.00,0.00,0.00,0.00,0.00,0.00,0.00,0.00,0.00,0.00,0.00,0.00,0.00,0.00,0.00,0.00,0.00,0.00
 ,08.803,"Environmental Review Costs, EIR Consultant & Related Costs","156,801.30","149,253.30","156,801.30","56,827.96","156,801.30",0.00,0.00,0.00,0.00,0.00,0.00,0.00,0.00,0.00,0.00,0.00,0.00,0.00,0.00,0.00,0.00,0.00,845.00,0.00,"20,677.60",0.00,"14,834.95",0.00,0.00,0.00,"2,765.00",0.00,"2,815.00","2,540.00","2,323.75",0.00,0.00,0.00,0.00,0.00,0.00,0.00,0.00,0.00,0.00,0.00,0.00,0.00,0.00,0.00,0.00,0.00,0.00,0.00,0.00,0.00,"10,026.66",0.00,"5,574.05","5,574.05","5,574.05","5,574.05","5,574.05","5,574.05","5,574.05","5,574.05","5,574.05","5,574.05","5,574.05","5,574.05","5,574.05","5,574.05","5,574.05","5,574.05","5,574.05","5,214.44",0.00,0.00,0.00,0.00,0.00,0.00,0.00,0.00,0.00,0.00,0.00,0.00,0.00,0.00,0.00,0.00,0.00,0.00,0.00,0.00,0.00,0.00,0.00,0.00,0.00,0.00,0.00,0.00,0.00,0.00,0.00,0.00,0.00,0.00,0.00,0.00,0.00,0.00,0.00,0.00,0.00,0.00,0.00,0.00,0.00,0.00,0.00,0.00,0.00,0.00,0.00,0.00,0.00,0.00,0.00,0.00,0.00,0.00,0.00,0.00,0.00,0.00,0.00,0.00,0.00,0.00,0.00,0.00,0.00,0.00,0.00,0.00,0.05
 ,08.804,Coastal Commission Review,0.00,0.00,0.00,0.00,0.00,0.00,0.00,0.00,0.00,0.00,0.00,0.00,0.00,0.00,0.00,0.00,0.00,0.00,0.00,0.00,0.00,0.00,0.00,0.00,0.00,0.00,0.00,0.00,0.00,0.00,0.00,0.00,0.00,0.00,0.00,0.00,0.00,0.00,0.00,0.00,0.00,0.00,0.00,0.00,0.00,0.00,0.00,0.00,0.00,0.00,0.00,0.00,0.00,0.00,0.00,0.00,0.00,0.00,0.00,0.00,0.00,0.00,0.00,0.00,0.00,0.00,0.00,0.00,0.00,0.00,0.00,0.00,0.00,0.00,0.00,0.00,0.00,0.00,0.00,0.00,0.00,0.00,0.00,0.00,0.00,0.00,0.00,0.00,0.00,0.00,0.00,0.00,0.00,0.00,0.00,0.00,0.00,0.00,0.00,0.00,0.00,0.00,0.00,0.00,0.00,0.00,0.00,0.00,0.00,0.00,0.00,0.00,0.00,0.00,0.00,0.00,0.00,0.00,0.00,0.00,0.00,0.00,0.00,0.00,0.00,0.00,0.00,0.00,0.00,0.00,0.00,0.00,0.00,0.00,0.00,0.00,0.00,0.00,0.00,0.00,0.00,0.00,0.00,0.00,0.00,0.00,0.00,0.00,0.00
 ,08.805,Air Pollution Control District/Air Quality Testing/Permit Fees,"100,000.00",0.00,"100,000.00",0.00,"100,000.00",0.00,0.00,0.00,0.00,0.00,0.00,0.00,0.00,0.00,0.00,0.00,0.00,0.00,0.00,0.00,0.00,0.00,0.00,0.00,0.00,0.00,0.00,0.00,0.00,0.00,0.00,0.00,0.00,0.00,0.00,0.00,0.00,0.00,0.00,0.00,0.00,0.00,0.00,0.00,0.00,0.00,0.00,0.00,0.00,0.00,0.00,0.00,0.00,0.00,0.00,0.00,0.00,0.00,"2,345.58","2,345.58","2,345.58","2,345.58","2,345.58","2,345.58","2,345.58","2,345.58","2,345.58","2,345.58","2,345.58","2,345.58","2,345.58","2,345.58","2,345.58","2,345.58","2,345.58","2,345.58","2,345.58","2,345.58","2,345.58","2,345.58","2,345.58","2,345.58","2,345.58","2,345.58","2,345.58","2,345.58","2,345.58","2,345.58","2,345.58","2,345.58","2,345.58","2,345.58","2,345.58","2,345.58","2,345.58","2,345.58","2,345.58","2,345.58","2,345.58","2,345.58","1,485.54",0.00,0.00,0.00,0.00,0.00,0.00,0.00,0.00,0.00,0.00,0.00,0.00,0.00,0.00,0.00,0.00,0.00,0.00,0.00,0.00,0.00,0.00,0.00,0.00,0.00,0.00,0.00,0.00,0.00,0.00,0.00,0.00,0.00,0.00,0.00,0.00,0.00,0.00,0.00,0.00,0.00,0.00,0.00,0.00,0.00,0.00,0.00,0.10
 ,08.806,Wind Tunnel Testing,0.00,0.00,0.00,0.00,0.00,0.00,0.00,0.00,0.00,0.00,0.00,0.00,0.00,0.00,0.00,0.00,0.00,0.00,0.00,0.00,0.00,0.00,0.00,0.00,0.00,0.00,0.00,0.00,0.00,0.00,0.00,0.00,0.00,0.00,0.00,0.00,0.00,0.00,0.00,0.00,0.00,0.00,0.00,0.00,0.00,0.00,0.00,0.00,0.00,0.00,0.00,0.00,0.00,0.00,0.00,0.00,0.00,0.00,0.00,0.00,0.00,0.00,0.00,0.00,0.00,0.00,0.00,0.00,0.00,0.00,0.00,0.00,0.00,0.00,0.00,0.00,0.00,0.00,0.00,0.00,0.00,0.00,0.00,0.00,0.00,0.00,0.00,0.00,0.00,0.00,0.00,0.00,0.00,0.00,0.00,0.00,0.00,0.00,0.00,0.00,0.00,0.00,0.00,0.00,0.00,0.00,0.00,0.00,0.00,0.00,0.00,0.00,0.00,0.00,0.00,0.00,0.00,0.00,0.00,0.00,0.00,0.00,0.00,0.00,0.00,0.00,0.00,0.00,0.00,0.00,0.00,0.00,0.00,0.00,0.00,0.00,0.00,0.00,0.00,0.00,0.00,0.00,0.00,0.00,0.00,0.00,0.00,0.00,0.00
 ,08.807,Value Engineering Sessions/Constructability and Peer Reviews,"150,000.00",0.00,"150,000.00",0.00,"150,000.00",0.00,0.00,0.00,0.00,0.00,0.00,0.00,0.00,0.00,0.00,0.00,0.00,0.00,0.00,0.00,0.00,0.00,0.00,0.00,0.00,0.00,0.00,0.00,0.00,0.00,0.00,0.00,0.00,0.00,0.00,0.00,0.00,0.00,0.00,0.00,0.00,0.00,0.00,0.00,0.00,0.00,0.00,0.00,0.00,0.00,0.00,0.00,0.00,0.00,0.00,0.00,0.00,0.00,"3,518.37","3,518.37","3,518.37","3,518.37","3,518.37","3,518.37","3,518.37","3,518.37","3,518.37","3,518.37","3,518.37","3,518.37","3,518.37","3,518.37","3,518.37","3,518.37","3,518.37","3,518.37","3,518.37","3,518.37","3,518.37","3,518.37","3,518.37","3,518.37","3,518.37","3,518.37","3,518.37","3,518.37","3,518.37","3,518.37","3,518.37","3,518.37","3,518.37","3,518.37","3,518.37","3,518.37","3,518.37","3,518.37","3,518.37","3,518.37","3,518.37","3,518.37","2,228.30",0.00,0.00,0.00,0.00,0.00,0.00,0.00,0.00,0.00,0.00,0.00,0.00,0.00,0.00,0.00,0.00,0.00,0.00,0.00,0.00,0.00,0.00,0.00,0.00,0.00,0.00,0.00,0.00,0.00,0.00,0.00,0.00,0.00,0.00,0.00,0.00,0.00,0.00,0.00,0.00,0.00,0.00,0.00,0.00,0.00,0.00,0.00,0.16
 ,08.808,"Plan Check Fees including DSA, SFM, & EH&S Review Charges","5,000.00",284.00,"5,000.00",284.00,"5,000.00",0.00,0.00,0.00,0.00,0.00,0.00,0.00,0.00,0.00,0.00,0.00,0.00,0.00,0.00,0.00,0.00,0.00,0.00,0.00,0.00,0.00,0.00,0.00,0.00,0.00,0.00,0.00,0.00,0.00,284.00,0.00,0.00,0.00,0.00,0.00,0.00,0.00,0.00,0.00,0.00,0.00,0.00,0.00,0.00,0.00,0.00,0.00,0.00,0.00,0.00,0.00,0.00,0.00,0.00,0.00,0.00,0.00,0.00,0.00,0.00,0.00,0.00,0.00,0.00,27.33,153.06,153.06,153.06,153.06,153.06,153.06,153.06,153.06,153.06,153.06,153.06,153.06,153.06,153.06,153.06,153.06,153.06,153.06,153.06,153.06,153.06,153.06,153.06,153.06,153.06,153.06,153.06,153.06,153.06,153.06,96.94,0.00,0.00,0.00,0.00,0.00,0.00,0.00,0.00,0.00,0.00,0.00,0.00,0.00,0.00,0.00,0.00,0.00,0.00,0.00,0.00,0.00,0.00,0.00,0.00,0.00,0.00,0.00,0.00,0.00,0.00,0.00,0.00,0.00,0.00,0.00,0.00,0.00,0.00,0.00,0.00,0.00,0.00,0.00,0.00,0.00,0.00,0.00,(0.07)
 ,08.809,OSHPD Fees,"29,910,320.00",0.00,"29,910,320.00",0.00,"29,910,320.00",0.00,0.00,0.00,0.00,0.00,0.00,0.00,0.00,0.00,0.00,0.00,0.00,0.00,0.00,0.00,0.00,0.00,0.00,0.00,0.00,0.00,0.00,0.00,0.00,0.00,0.00,0.00,0.00,0.00,0.00,0.00,0.00,0.00,0.00,0.00,0.00,0.00,0.00,0.00,0.00,0.00,0.00,0.00,0.00,0.00,0.00,0.00,0.00,0.00,0.00,0.00,0.00,0.00,0.00,0.00,0.00,0.00,0.00,0.00,0.00,0.00,0.00,0.00,0.00,"173,345.94","970,739.09","970,739.09","970,739.09","970,739.09","970,739.09","970,739.09","970,739.09","970,739.09","970,739.09","970,739.09","970,739.09","970,739.09","970,739.09","970,739.09","970,739.09","970,739.09","970,739.09","970,739.09","970,739.09","970,739.09","970,739.09","970,739.09","970,739.09","970,739.09","970,739.09","970,739.09","970,739.09","970,739.09","970,739.09","970,739.09","614,801.29",0.00,0.00,0.00,0.00,0.00,0.00,0.00,0.00,0.00,0.00,0.00,0.00,0.00,0.00,0.00,0.00,0.00,0.00,0.00,0.00,0.00,0.00,0.00,0.00,0.00,0.00,0.00,0.00,0.00,0.00,0.00,0.00,0.00,0.00,0.00,0.00,0.00,0.00,0.00,0.00,0.00,0.00,0.00,0.00,0.00,0.00,0.00,0.07
 ,08.810,Environmental Mitigation Monitoring Services,"275,000.00",0.00,"275,000.00",0.00,"275,000.00",0.00,0.00,0.00,0.00,0.00,0.00,0.00,0.00,0.00,0.00,0.00,0.00,0.00,0.00,0.00,0.00,0.00,0.00,0.00,0.00,0.00,0.00,0.00,0.00,0.00,0.00,0.00,0.00,0.00,0.00,0.00,0.00,0.00,0.00,0.00,0.00,0.00,0.00,0.00,0.00,0.00,0.00,0.00,0.00,0.00,0.00,0.00,0.00,0.00,0.00,0.00,0.00,0.00,0.00,0.00,0.00,0.00,0.00,0.00,0.00,0.00,0.00,0.00,0.00,0.00,0.00,"3,694.58","3,694.58","3,694.58","3,694.58","3,694.58","3,694.58","3,694.58","3,694.58","3,694.58","3,694.58","3,694.58","3,694.58","3,694.58","3,694.58","3,694.58","3,694.58","3,694.58","3,694.58","3,694.58","3,694.58","3,694.58","3,694.58","3,694.58","3,694.58","3,694.58","3,694.58","3,694.58","3,694.58","3,694.58","3,694.58","3,694.58","3,694.58","3,694.58","3,694.58","3,694.58","3,694.58","3,694.58","3,694.58","3,694.58","3,694.58","3,694.58","3,694.58","3,694.58","3,694.58","3,694.58","3,694.58","3,694.58","3,694.58","3,694.58","3,694.58","3,694.58","3,694.58","3,694.58","3,694.58","3,694.58","3,694.58","3,694.58","3,694.58","3,694.58","3,694.58","3,694.58","3,694.58","3,694.58","3,694.58","3,694.58","3,694.58","3,694.58","3,694.58","3,694.58","3,694.58","3,694.58","3,694.58","3,694.58","3,694.58","1,600.98",0.00,0.00,0.10
 ,08.811,Hazardous Material Consultant,"314,480.80","314,480.80","314,480.80",0.00,"314,480.80",0.00,0.00,0.00,0.00,0.00,0.00,0.00,0.00,0.00,0.00,0.00,0.00,0.00,0.00,0.00,0.00,0.00,0.00,0.00,0.00,0.00,0.00,0.00,0.00,0.00,0.00,0.00,0.00,0.00,0.00,0.00,0.00,0.00,0.00,0.00,0.00,0.00,0.00,0.00,0.00,0.00,0.00,0.00,0.00,0.00,0.00,0.00,0.00,0.00,0.00,0.00,0.00,0.00,0.00,0.00,0.00,0.00,0.00,0.00,0.00,0.00,0.00,0.00,0.00,0.00,0.00,"4,225.00","4,225.00","4,225.00","4,225.00","4,225.00","4,225.00","4,225.00","4,225.00","4,225.00","4,225.00","4,225.00","4,225.00","4,225.00","4,225.00","4,225.00","4,225.00","4,225.00","4,225.00","4,225.00","4,225.00","4,225.00","4,225.00","4,225.00","4,225.00","4,225.00","4,225.00","4,225.00","4,225.00","4,225.00","4,225.00","4,225.00","4,225.00","4,225.00","4,225.00","4,225.00","4,225.00","4,225.00","4,225.00","4,225.00","4,225.00","4,225.00","4,225.00","4,225.00","4,225.00","4,225.00","4,225.00","4,225.00","4,225.00","4,225.00","4,225.00","4,225.00","4,225.00","4,225.00","4,225.00","4,225.00","4,225.00","4,225.00","4,225.00","4,225.00","4,225.00","4,225.00","4,225.00","4,225.00","4,225.00","4,225.00","4,225.00","4,225.00","4,225.00","4,225.00","4,225.00","4,225.00","4,225.00","4,225.00","4,225.00","1,830.83",0.00,0.00,(0.03)
 ,08.812,Special Design Consultants (Other),"165,000.00",0.00,"165,000.00",0.00,"165,000.00",0.00,0.00,0.00,0.00,0.00,0.00,0.00,0.00,0.00,0.00,0.00,0.00,0.00,0.00,0.00,0.00,0.00,0.00,0.00,0.00,0.00,0.00,0.00,0.00,0.00,0.00,0.00,0.00,0.00,0.00,0.00,0.00,0.00,0.00,0.00,0.00,0.00,0.00,0.00,0.00,0.00,0.00,0.00,0.00,0.00,0.00,0.00,0.00,0.00,0.00,0.00,0.00,0.00,"1,887.15","1,887.15","1,887.15","1,887.15","1,887.15","1,887.15","1,887.15","1,887.15","1,887.15","1,887.15","1,887.15","1,887.15","1,887.15","1,887.15","1,887.15","1,887.15","1,887.15","1,887.15","1,887.15","1,887.15","1,887.15","1,887.15","1,887.15","1,887.15","1,887.15","1,887.15","1,887.15","1,887.15","1,887.15","1,887.15","1,887.15","1,887.15","1,887.15","1,887.15","1,887.15","1,887.15","1,887.15","1,887.15","1,887.15","1,887.15","1,887.15","1,887.15","1,887.15","1,887.15","1,887.15","1,887.15","1,887.15","1,887.15","1,887.15","1,887.15","1,887.15","1,887.15","1,887.15","1,887.15","1,887.15","1,887.15","1,887.15","1,887.15","1,887.15","1,887.15","1,887.15","1,887.15","1,887.15","1,887.15","1,887.15","1,887.15","1,887.15","1,887.15","1,887.15","1,887.15","1,887.15","1,887.15","1,887.15","1,887.15","1,887.15","1,887.15","1,887.15","1,887.15","1,887.15","1,887.15","1,887.15","1,887.15","1,887.15","1,887.15","1,887.15","1,887.15","1,887.15",817.77,0.00,0.00,0.18
 ,08.813,Independent Seismic & Lateral Plan/Calc Review,"26,000.00","26,000.00","26,000.00","26,000.00","26,000.00",0.00,0.00,0.00,0.00,0.00,0.00,0.00,0.00,0.00,0.00,0.00,0.00,0.00,0.00,0.00,0.00,0.00,0.00,0.00,0.00,0.00,0.00,0.00,0.00,"26,000.00",0.00,0.00,0.00,0.00,0.00,0.00,0.00,0.00,0.00,0.00,0.00,0.00,0.00,0.00,0.00,0.00,0.00,0.00,0.00,0.00,0.00,0.00,0.00,0.00,0.00,0.00,0.00,0.00,0.00,0.00,0.00,0.00,0.00,0.00,0.00,0.00,0.00,0.00,0.00,0.00,0.00,0.00,0.00,0.00,0.00,0.00,0.00,0.00,0.00,0.00,0.00,0.00,0.00,0.00,0.00,0.00,0.00,0.00,0.00,0.00,0.00,0.00,0.00,0.00,0.00,0.00,0.00,0.00,0.00,0.00,0.00,0.00,0.00,0.00,0.00,0.00,0.00,0.00,0.00,0.00,0.00,0.00,0.00,0.00,0.00,0.00,0.00,0.00,0.00,0.00,0.00,0.00,0.00,0.00,0.00,0.00,0.00,0.00,0.00,0.00,0.00,0.00,0.00,0.00,0.00,0.00,0.00,0.00,0.00,0.00,0.00,0.00,0.00,0.00,0.00,0.00,0.00,0.00,0.00
 ,08.814,Internal FD&C Special Recharge Services,0.00,0.00,0.00,0.00,0.00,0.00,0.00,0.00,0.00,0.00,0.00,0.00,0.00,0.00,0.00,0.00,0.00,0.00,0.00,0.00,0.00,0.00,0.00,0.00,0.00,0.00,0.00,0.00,0.00,0.00,0.00,0.00,0.00,0.00,0.00,0.00,0.00,0.00,0.00,0.00,0.00,0.00,0.00,0.00,0.00,0.00,0.00,0.00,0.00,0.00,0.00,0.00,0.00,0.00,0.00,0.00,0.00,0.00,0.00,0.00,0.00,0.00,0.00,0.00,0.00,0.00,0.00,0.00,0.00,0.00,0.00,0.00,0.00,0.00,0.00,0.00,0.00,0.00,0.00,0.00,0.00,0.00,0.00,0.00,0.00,0.00,0.00,0.00,0.00,0.00,0.00,0.00,0.00,0.00,0.00,0.00,0.00,0.00,0.00,0.00,0.00,0.00,0.00,0.00,0.00,0.00,0.00,0.00,0.00,0.00,0.00,0.00,0.00,0.00,0.00,0.00,0.00,0.00,0.00,0.00,0.00,0.00,0.00,0.00,0.00,0.00,0.00,0.00,0.00,0.00,0.00,0.00,0.00,0.00,0.00,0.00,0.00,0.00,0.00,0.00,0.00,0.00,0.00,0.00,0.00,0.00,0.00,0.00,0.00
 ,08.815,Legal Fees,0.00,0.00,0.00,0.00,0.00,0.00,0.00,0.00,0.00,0.00,0.00,0.00,0.00,0.00,0.00,0.00,0.00,0.00,0.00,0.00,0.00,0.00,0.00,0.00,0.00,0.00,0.00,0.00,0.00,0.00,0.00,0.00,0.00,0.00,0.00,0.00,0.00,0.00,0.00,0.00,0.00,0.00,0.00,0.00,0.00,0.00,0.00,0.00,0.00,0.00,0.00,0.00,0.00,0.00,0.00,0.00,0.00,0.00,0.00,0.00,0.00,0.00,0.00,0.00,0.00,0.00,0.00,0.00,0.00,0.00,0.00,0.00,0.00,0.00,0.00,0.00,0.00,0.00,0.00,0.00,0.00,0.00,0.00,0.00,0.00,0.00,0.00,0.00,0.00,0.00,0.00,0.00,0.00,0.00,0.00,0.00,0.00,0.00,0.00,0.00,0.00,0.00,0.00,0.00,0.00,0.00,0.00,0.00,0.00,0.00,0.00,0.00,0.00,0.00,0.00,0.00,0.00,0.00,0.00,0.00,0.00,0.00,0.00,0.00,0.00,0.00,0.00,0.00,0.00,0.00,0.00,0.00,0.00,0.00,0.00,0.00,0.00,0.00,0.00,0.00,0.00,0.00,0.00,0.00,0.00,0.00,0.00,0.00,0.00
 ,08.816,"Interior Designer, Graphic Designer, Color Consultant","50,000.00",0.00,"50,000.00",0.00,"50,000.00",0.00,0.00,0.00,0.00,0.00,0.00,0.00,0.00,0.00,0.00,0.00,0.00,0.00,0.00,0.00,0.00,0.00,0.00,0.00,0.00,0.00,0.00,0.00,0.00,0.00,0.00,0.00,0.00,0.00,0.00,0.00,0.00,0.00,0.00,0.00,0.00,0.00,0.00,0.00,0.00,0.00,0.00,0.00,0.00,0.00,0.00,0.00,0.00,0.00,0.00,0.00,0.00,0.00,"1,172.79","1,172.79","1,172.79","1,172.79","1,172.79","1,172.79","1,172.79","1,172.79","1,172.79","1,172.79","1,172.79","1,172.79","1,172.79","1,172.79","1,172.79","1,172.79","1,172.79","1,172.79","1,172.79","1,172.79","1,172.79","1,172.79","1,172.79","1,172.79","1,172.79","1,172.79","1,172.79","1,172.79","1,172.79","1,172.79","1,172.79","1,172.79","1,172.79","1,172.79","1,172.79","1,172.79","1,172.79","1,172.79","1,172.79","1,172.79","1,172.79","1,172.79",742.77,0.00,0.00,0.00,0.00,0.00,0.00,0.00,0.00,0.00,0.00,0.00,0.00,0.00,0.00,0.00,0.00,0.00,0.00,0.00,0.00,0.00,0.00,0.00,0.00,0.00,0.00,0.00,0.00,0.00,0.00,0.00,0.00,0.00,0.00,0.00,0.00,0.00,0.00,0.00,0.00,0.00,0.00,0.00,0.00,0.00,0.00,0.00,0.05
 ,08.817,"Pre-Construction Services/CMAR or CMGC Delivery, Part 1","707,678.00","707,678.00","707,678.00","707,678.00","707,678.00",0.00,0.00,0.00,0.00,0.00,0.00,0.00,0.00,0.00,0.00,0.00,0.00,0.00,0.00,0.00,0.00,0.00,0.00,0.00,0.00,0.00,0.00,0.00,0.00,0.00,0.00,0.00,0.00,0.00,0.00,0.00,0.00,0.00,0.00,0.00,0.00,0.00,0.00,0.00,0.00,"127,960.36","115,850.00",0.00,0.00,0.00,"463,867.64",0.00,0.00,0.00,0.00,0.00,0.00,0.00,0.00,0.00,0.00,0.00,0.00,0.00,0.00,0.00,0.00,0.00,0.00,0.00,0.00,0.00,0.00,0.00,0.00,0.00,0.00,0.00,0.00,0.00,0.00,0.00,0.00,0.00,0.00,0.00,0.00,0.00,0.00,0.00,0.00,0.00,0.00,0.00,0.00,0.00,0.00,0.00,0.00,0.00,0.00,0.00,0.00,0.00,0.00,0.00,0.00,0.00,0.00,0.00,0.00,0.00,0.00,0.00,0.00,0.00,0.00,0.00,0.00,0.00,0.00,0.00,0.00,0.00,0.00,0.00,0.00,0.00,0.00,0.00,0.00,0.00,0.00,0.00,0.00,0.00,0.00,0.00,0.00,0.00,0.00,0.00,0.00,0.00,0.00,0.00,0.00,0.00,0.00
 ,08.818,"Hazardous Materials Testing, Environmental Soils Sampling","100,000.00",0.00,"100,000.00",0.00,"100,000.00",0.00,0.00,0.00,0.00,0.00,0.00,0.00,0.00,0.00,0.00,0.00,0.00,0.00,0.00,0.00,0.00,0.00,0.00,0.00,0.00,0.00,0.00,0.00,0.00,0.00,0.00,0.00,0.00,0.00,0.00,0.00,0.00,0.00,0.00,0.00,0.00,0.00,0.00,0.00,0.00,0.00,0.00,0.00,0.00,0.00,0.00,0.00,0.00,0.00,0.00,0.00,0.00,0.00,0.00,0.00,0.00,0.00,0.00,0.00,0.00,0.00,0.00,0.00,0.00,0.00,0.00,"2,687.00","2,687.00","2,686.99","2,686.79","2,686.98","2,686.97","2,686.95","2,686.91","2,686.84","2,686.53","2,686.55","2,686.25","2,685.78","2,685.05","2,683.92","2,682.03","2,679.72","2,676.09","2,670.90","2,663.64","2,653.65","2,640.16","2,622.06","2,598.92","2,569.06","2,531.51","2,485.15","2,428.93","2,361.80","2,283.64","2,193.64","2,092.08","1,979.51","1,856.97","1,725.82","1,588.38","1,446.48","1,302.74","1,159.73","1,019.98",885.80,759.45,642.40,535.97,440.92,357.55,285.72,224.92,174.43,133.20,100.15,74.13,54.00,38.71,27.31,18.96,12.94,8.69,5.74,3.73,2.38,1.50,0.93,0.56,0.34,0.20,0.11,0.07,0.04,0.02,0.01,0.01,0.00,0.00,0.00,0.00,0.00,0.01
 ,08.819,Off-Site Environment Mitigation,0.00,0.00,0.00,0.00,0.00,0.00,0.00,0.00,0.00,0.00,0.00,0.00,0.00,0.00,0.00,0.00,0.00,0.00,0.00,0.00,0.00,0.00,0.00,0.00,0.00,0.00,0.00,0.00,0.00,0.00,0.00,0.00,0.00,0.00,0.00,0.00,0.00,0.00,0.00,0.00,0.00,0.00,0.00,0.00,0.00,0.00,0.00,0.00,0.00,0.00,0.00,0.00,0.00,0.00,0.00,0.00,0.00,0.00,0.00,0.00,0.00,0.00,0.00,0.00,0.00,0.00,0.00,0.00,0.00,0.00,0.00,0.00,0.00,0.00,0.00,0.00,0.00,0.00,0.00,0.00,0.00,0.00,0.00,0.00,0.00,0.00,0.00,0.00,0.00,0.00,0.00,0.00,0.00,0.00,0.00,0.00,0.00,0.00,0.00,0.00,0.00,0.00,0.00,0.00,0.00,0.00,0.00,0.00,0.00,0.00,0.00,0.00,0.00,0.00,0.00,0.00,0.00,0.00,0.00,0.00,0.00,0.00,0.00,0.00,0.00,0.00,0.00,0.00,0.00,0.00,0.00,0.00,0.00,0.00,0.00,0.00,0.00,0.00,0.00,0.00,0.00,0.00,0.00,0.00,0.00,0.00,0.00,0.00,0.00
 ,08.820,Parking Impact Charges,"100,000.00",585.00,"100,000.00",585.00,"100,000.00",0.00,0.00,0.00,0.00,0.00,0.00,0.00,0.00,0.00,0.00,0.00,0.00,0.00,0.00,0.00,0.00,0.00,0.00,0.00,0.00,0.00,0.00,0.00,0.00,0.00,0.00,0.00,156.00,0.00,0.00,0.00,429.00,0.00,0.00,0.00,0.00,0.00,0.00,0.00,0.00,0.00,0.00,0.00,0.00,0.00,0.00,0.00,0.00,0.00,0.00,0.00,0.00,0.00,0.00,0.00,0.00,0.00,0.00,0.00,0.00,0.00,0.00,0.00,0.00,0.00,0.00,"1,335.62","1,335.62","1,335.62","1,335.62","1,335.62","1,335.62","1,335.62","1,335.62","1,335.62","1,335.62","1,335.62","1,335.62","1,335.62","1,335.62","1,335.62","1,335.62","1,335.62","1,335.62","1,335.62","1,335.62","1,335.62","1,335.62","1,335.62","1,335.62","1,335.62","1,335.62","1,335.62","1,335.62","1,335.62","1,335.62","1,335.62","1,335.62","1,335.62","1,335.62","1,335.62","1,335.62","1,335.62","1,335.62","1,335.62","1,335.62","1,335.62","1,335.62","1,335.62","1,335.62","1,335.62","1,335.62","1,335.62","1,335.62","1,335.62","1,335.62","1,335.62","1,335.62","1,335.62","1,335.62","1,335.62","1,335.62","1,335.62","1,335.62","1,335.62","1,335.62","1,335.62","1,335.62","1,335.62","1,335.62","1,335.62","1,335.62","1,335.62","1,335.62","1,335.62","1,335.62","1,335.62","1,335.62","1,335.62","1,335.62",578.77,0.00,0.00,0.35
 ,08.821,"LEED Consulting Serv,, USGBC Fees, and Other Sustainability Consult,","50,000.00",0.00,"50,000.00",0.00,"50,000.00",0.00,0.00,0.00,0.00,0.00,0.00,0.00,0.00,0.00,0.00,0.00,0.00,0.00,0.00,0.00,0.00,0.00,0.00,0.00,0.00,0.00,0.00,0.00,0.00,0.00,0.00,0.00,0.00,0.00,0.00,0.00,0.00,0.00,0.00,0.00,0.00,0.00,0.00,0.00,0.00,0.00,0.00,0.00,0.00,0.00,0.00,0.00,0.00,0.00,0.00,0.00,0.00,0.00,"1,172.79","1,172.79","1,172.79","1,172.79","1,172.79","1,172.79","1,172.79","1,172.79","1,172.79","1,172.79","1,172.79","1,172.79","1,172.79","1,172.79","1,172.79","1,172.79","1,172.79","1,172.79","1,172.79","1,172.79","1,172.79","1,172.79","1,172.79","1,172.79","1,172.79","1,172.79","1,172.79","1,172.79","1,172.79","1,172.79","1,172.79","1,172.79","1,172.79","1,172.79","1,172.79","1,172.79","1,172.79","1,172.79","1,172.79","1,172.79","1,172.79","1,172.79",742.77,0.00,0.00,0.00,0.00,0.00,0.00,0.00,0.00,0.00,0.00,0.00,0.00,0.00,0.00,0.00,0.00,0.00,0.00,0.00,0.00,0.00,0.00,0.00,0.00,0.00,0.00,0.00,0.00,0.00,0.00,0.00,0.00,0.00,0.00,0.00,0.00,0.00,0.00,0.00,0.00,0.00,0.00,0.00,0.00,0.00,0.00,0.00,0.05
 ,08.822,"Special Design Consult, (ADA, Acoustic, Lab, Light,, Roof,, Traffic)","15,000.00","15,000.00","15,000.00","15,000.00","15,000.00",0.00,0.00,0.00,0.00,0.00,0.00,0.00,0.00,0.00,0.00,0.00,0.00,0.00,0.00,0.00,0.00,0.00,0.00,0.00,0.00,0.00,0.00,0.00,0.00,0.00,0.00,0.00,0.00,0.00,0.00,0.00,0.00,0.00,0.00,0.00,0.00,0.00,"10,000.00",0.00,0.00,0.00,0.00,0.00,"5,000.00",0.00,0.00,0.00,0.00,0.00,0.00,0.00,0.00,0.00,0.00,0.00,0.00,0.00,0.00,0.00,0.00,0.00,0.00,0.00,0.00,0.00,0.00,0.00,0.00,0.00,0.00,0.00,0.00,0.00,0.00,0.00,0.00,0.00,0.00,0.00,0.00,0.00,0.00,0.00,0.00,0.00,0.00,0.00,0.00,0.00,0.00,0.00,0.00,0.00,0.00,0.00,0.00,0.00,0.00,0.00,0.00,0.00,0.00,0.00,0.00,0.00,0.00,0.00,0.00,0.00,0.00,0.00,0.00,0.00,0.00,0.00,0.00,0.00,0.00,0.00,0.00,0.00,0.00,0.00,0.00,0.00,0.00,0.00,0.00,0.00,0.00,0.00,0.00,0.00,0.00,0.00,0.00,0.00,0.00,0.00,0.00,0.00,0.00,0.00,0.00
 ,08.823,As-Built Building Survey/Documentation of Existing Conditions,0.00,0.00,0.00,0.00,0.00,0.00,0.00,0.00,0.00,0.00,0.00,0.00,0.00,0.00,0.00,0.00,0.00,0.00,0.00,0.00,0.00,0.00,0.00,0.00,0.00,0.00,0.00,0.00,0.00,0.00,0.00,0.00,0.00,0.00,0.00,0.00,0.00,0.00,0.00,0.00,0.00,0.00,0.00,0.00,0.00,0.00,0.00,0.00,0.00,0.00,0.00,0.00,0.00,0.00,0.00,0.00,0.00,0.00,0.00,0.00,0.00,0.00,0.00,0.00,0.00,0.00,0.00,0.00,0.00,0.00,0.00,0.00,0.00,0.00,0.00,0.00,0.00,0.00,0.00,0.00,0.00,0.00,0.00,0.00,0.00,0.00,0.00,0.00,0.00,0.00,0.00,0.00,0.00,0.00,0.00,0.00,0.00,0.00,0.00,0.00,0.00,0.00,0.00,0.00,0.00,0.00,0.00,0.00,0.00,0.00,0.00,0.00,0.00,0.00,0.00,0.00,0.00,0.00,0.00,0.00,0.00,0.00,0.00,0.00,0.00,0.00,0.00,0.00,0.00,0.00,0.00,0.00,0.00,0.00,0.00,0.00,0.00,0.00,0.00,0.00,0.00,0.00,0.00,0.00,0.00,0.00,0.00,0.00,0.00
 ,08.824,"Building Commissioning Costs, Fundamental and Enhanced","3,000,000.00",0.00,"3,000,000.00",0.00,"3,000,000.00",0.00,0.00,0.00,0.00,0.00,0.00,0.00,0.00,0.00,0.00,0.00,0.00,0.00,0.00,0.00,0.00,0.00,0.00,0.00,0.00,0.00,0.00,0.00,0.00,0.00,0.00,0.00,0.00,0.00,0.00,0.00,0.00,0.00,0.00,0.00,0.00,0.00,0.00,0.00,0.00,0.00,0.00,0.00,0.00,0.00,0.00,0.00,0.00,0.00,0.00,0.00,0.00,0.00,0.00,0.00,0.00,0.00,0.00,0.00,0.00,0.00,0.00,0.00,0.00,"7,085.04","39,676.29","39,676.29","39,676.29","39,676.29","39,676.29","39,676.29","39,676.29","39,676.29","39,676.29","39,676.29","39,676.29","39,676.29","39,676.29","39,676.29","39,676.29","39,676.29","39,676.29","39,676.29","39,676.29","39,676.29","39,676.29","39,676.29","39,676.29","39,676.29","39,676.29","39,676.29","39,676.29","39,676.29","39,676.29","39,676.29","39,676.29","39,676.29","39,676.29","39,676.29","39,676.29","39,676.29","39,676.29","39,676.29","39,676.29","39,676.29","39,676.29","39,676.29","39,676.29","39,676.29","39,676.29","39,676.29","39,676.29","39,676.29","39,676.29","39,676.29","39,676.29","39,676.29","39,676.29","39,676.29","39,676.29","39,676.29","39,676.29","39,676.29","39,676.29","39,676.29","39,676.29","39,676.29","39,676.29","39,676.29","39,676.29","39,676.29","39,676.29","39,676.29","39,676.29","39,676.29","39,676.29","39,676.29","39,676.29","39,676.29","39,676.29","17,193.05",0.00,0.00,0.16
 ,08.825,BIM Modeling/Building Models,"500,000.00",0.00,"500,000.00",0.00,"500,000.00",0.00,0.00,0.00,0.00,0.00,0.00,0.00,0.00,0.00,0.00,0.00,0.00,0.00,0.00,0.00,0.00,0.00,0.00,0.00,0.00,0.00,0.00,0.00,0.00,0.00,0.00,0.00,0.00,0.00,0.00,0.00,0.00,0.00,0.00,0.00,0.00,0.00,0.00,0.00,0.00,0.00,0.00,0.00,0.00,0.00,0.00,0.00,0.00,0.00,0.00,0.00,0.00,0.00,"5,718.64","5,718.64","5,718.64","5,718.64","5,718.64","5,718.64","5,718.64","5,718.64","5,718.64","5,718.64","5,718.64","5,718.64","5,718.64","5,718.64","5,718.64","5,718.64","5,718.64","5,718.64","5,718.64","5,718.64","5,718.64","5,718.64","5,718.64","5,718.64","5,718.64","5,718.64","5,718.64","5,718.64","5,718.64","5,718.64","5,718.64","5,718.64","5,718.64","5,718.64","5,718.64","5,718.64","5,718.64","5,718.64","5,718.64","5,718.64","5,718.64","5,718.64","5,718.64","5,718.64","5,718.64","5,718.64","5,718.64","5,718.64","5,718.64","5,718.64","5,718.64","5,718.64","5,718.64","5,718.64","5,718.64","5,718.64","5,718.64","5,718.64","5,718.64","5,718.64","5,718.64","5,718.64","5,718.64","5,718.64","5,718.64","5,718.64","5,718.64","5,718.64","5,718.64","5,718.64","5,718.64","5,718.64","5,718.64","5,718.64","5,718.64","5,718.64","5,718.64","5,718.64","5,718.64","5,718.64","5,718.64","5,718.64","5,718.64","5,718.64","5,718.64","5,718.64","5,718.64","2,478.08",0.00,0.00,0.24
 ,08.826,Art Work,"1,500,000.00",0.00,"1,500,000.00",0.00,"1,500,000.00",0.00,0.00,0.00,0.00,0.00,0.00,0.00,0.00,0.00,0.00,0.00,0.00,0.00,0.00,0.00,0.00,0.00,0.00,0.00,0.00,0.00,0.00,0.00,0.00,0.00,0.00,0.00,0.00,0.00,0.00,0.00,0.00,0.00,0.00,0.00,0.00,0.00,0.00,0.00,0.00,0.00,0.00,0.00,0.00,0.00,0.00,0.00,0.00,0.00,0.00,0.00,0.00,0.00,0.00,0.00,0.00,0.00,0.00,0.00,0.00,0.00,0.00,0.00,0.00,0.00,0.00,0.01,0.02,0.05,0.11,0.21,0.40,0.74,1.32,2.32,3.99,6.74,11.19,18.25,29.27,46.16,71.57,109.14,163.69,241.46,350.38,500.21,702.61,971.10,"1,321.16","1,769.14","2,332.33","3,027.71","3,871.00","4,875.01","6,050.32","7,400.35","8,923.83","10,612.38","12,450.51","14,414.63","16,479.36","18,607.84","20,763.95","22,909.10","25,005.27","27,014.97","28,913.28","30,668.97","32,265.42","33,691.19","34,941.82","36,019.26","36,928.15","37,688.53","38,306.96","38,802.74","39,193.12","39,495.01","39,721.34","39,895.35","40,020.69","40,110.89","40,174.64","40,218.89","40,246.07","40,269.27","40,282.56","40,291.14","40,296.59","40,299.98","40,302.06","40,300.31","40,304.05","40,304.47","40,304.72","40,304.85","40,304.93","40,301.97","40,304.99","17,466.00",0.00,0.00,(0.01)
 ,08.827,Local Jurisdiction Fees/Potable & Reclaimed WaterlSewerlSDGE,"200,000.00",0.00,"200,000.00",0.00,"200,000.00",0.00,0.00,0.00,0.00,0.00,0.00,0.00,0.00,0.00,0.00,0.00,0.00,0.00,0.00,0.00,0.00,0.00,0.00,0.00,0.00,0.00,0.00,0.00,0.00,0.00,0.00,0.00,0.00,0.00,0.00,0.00,0.00,0.00,0.00,0.00,0.00,0.00,0.00,0.00,0.00,0.00,0.00,0.00,0.00,0.00,0.00,0.00,0.00,0.00,0.00,0.00,0.00,0.00,0.00,0.00,0.00,0.00,0.00,0.00,0.00,0.00,0.00,0.00,0.00,0.00,0.00,"5,374.00","5,373.99","5,373.99","5,373.58","5,373.97","5,373.94","5,373.90","5,373.82","5,373.69","5,373.07","5,373.10","5,372.51","5,371.56","5,370.09","5,367.84","5,364.05","5,359.44","5,352.17","5,341.80","5,327.28","5,307.30","5,280.32","5,244.12","5,197.84","5,138.11","5,063.02","4,970.30","4,857.86","4,723.60","4,567.29","4,387.28","4,184.15","3,959.01","3,713.93","3,451.65","3,176.75","2,892.95","2,605.47","2,319.45","2,039.96","1,771.60","1,518.90","1,284.81","1,071.95",881.84,715.09,571.43,449.85,348.87,266.41,200.30,148.25,108.00,77.42,54.62,37.91,25.88,17.38,11.48,7.46,4.77,3.00,1.85,1.12,0.67,0.40,0.23,0.13,0.07,0.04,0.02,0.01,0.01,0.00,0.00,0.00,0.00,0.08
 ,08.828,Other Campus Recharges,"380,000.00",0.00,"380,000.00",0.00,"380,000.00",0.00,0.00,0.00,0.00,0.00,0.00,0.00,0.00,0.00,0.00,0.00,0.00,0.00,0.00,0.00,0.00,0.00,0.00,0.00,0.00,0.00,0.00,0.00,0.00,0.00,0.00,0.00,0.00,0.00,0.00,0.00,0.00,0.00,0.00,0.00,0.00,0.00,0.00,0.00,0.00,0.00,0.00,0.00,0.00,0.00,0.00,0.00,0.00,0.00,0.00,0.00,0.00,0.00,0.00,0.00,0.00,0.00,0.00,0.00,0.00,0.00,0.00,0.00,0.00,0.00,0.00,"5,105.24","5,105.24","5,105.24","5,105.24","5,105.24","5,105.24","5,105.24","5,105.24","5,105.24","5,105.24","5,105.24","5,105.24","5,105.24","5,105.24","5,105.24","5,105.24","5,105.24","5,105.24","5,105.24","5,105.24","5,105.24","5,105.24","5,105.24","5,105.24","5,105.24","5,105.24","5,105.24","5,105.24","5,105.24","5,105.24","5,105.24","5,105.24","5,105.24","5,105.24","5,105.24","5,105.24","5,105.24","5,105.24","5,105.24","5,105.24","5,105.24","5,105.24","5,105.24","5,105.24","5,105.24","5,105.24","5,105.24","5,105.24","5,105.24","5,105.24","5,105.24","5,105.24","5,105.24","5,105.24","5,105.24","5,105.24","5,105.24","5,105.24","5,105.24","5,105.24","5,105.24","5,105.24","5,105.24","5,105.24","5,105.24","5,105.24","5,105.24","5,105.24","5,105.24","5,105.24","5,105.24","5,105.24","5,105.24","5,105.24","2,212.27",0.00,0.00,(0.03)
 ,08.899,Other Special Items,"400,000.00",0.00,"400,000.00",0.00,"400,000.00",0.00,0.00,0.00,0.00,0.00,0.00,0.00,0.00,0.00,0.00,0.00,0.00,0.00,0.00,0.00,0.00,0.00,0.00,0.00,0.00,0.00,0.00,0.00,0.00,0.00,0.00,0.00,0.00,0.00,0.00,0.00,0.00,0.00,0.00,0.00,0.00,0.00,0.00,0.00,0.00,0.00,0.00,0.00,0.00,0.00,0.00,0.00,0.00,0.00,0.00,0.00,0.00,0.00,"4,574.91","4,574.91","4,574.91","4,574.91","4,574.91","4,574.91","4,574.91","4,574.91","4,574.91","4,574.91","4,574.91","4,574.91","4,574.91","4,574.91","4,574.91","4,574.91","4,574.91","4,574.91","4,574.91","4,574.91","4,574.91","4,574.91","4,574.91","4,574.91","4,574.91","4,574.91","4,574.91","4,574.91","4,574.91","4,574.91","4,574.91","4,574.91","4,574.91","4,574.91","4,574.91","4,574.91","4,574.91","4,574.91","4,574.91","4,574.91","4,574.91","4,574.91","4,574.91","4,574.91","4,574.91","4,574.91","4,574.91","4,574.91","4,574.91","4,574.91","4,574.91","4,574.91","4,574.91","4,574.91","4,574.91","4,574.91","4,574.91","4,574.91","4,574.91","4,574.91","4,574.91","4,574.91","4,574.91","4,574.91","4,574.91","4,574.91","4,574.91","4,574.91","4,574.91","4,574.91","4,574.91","4,574.91","4,574.91","4,574.91","4,574.91","4,574.91","4,574.91","4,574.91","4,574.91","4,574.91","4,574.91","4,574.91","4,574.91","4,574.91","4,574.91","4,574.91","4,574.91","1,982.46",0.00,0.00,0.37
,09,"Construction Contingency, Potential Unknown Factors","70,547,159.90",0.00,"70,547,159.90",0.00,"70,547,159.90",0.00,0.00,0.00,0.00,0.00,0.00,0.00,0.00,0.00,0.00,0.00,0.00,0.00,0.00,0.00,0.00,0.00,0.00,0.00,0.00,0.00,0.00,0.00,0.00,0.00,0.00,0.00,0.00,0.00,0.00,0.00,0.00,0.00,0.00,0.00,0.00,0.00,0.00,0.00,0.00,0.00,0.00,0.00,0.00,0.00,0.00,0.00,0.00,0.00,0.00,0.00,0.00,0.00,0.00,0.00,0.00,0.00,0.00,0.00,0.00,0.00,0.00,0.00,0.00,0.00,0.00,"947,789.88","947,789.88","947,789.88","947,789.88","947,789.88","947,789.88","947,789.88","947,789.88","947,789.88","947,789.88","947,789.88","947,789.88","947,789.88","947,789.88","947,789.88","947,789.88","947,789.88","947,789.88","947,789.88","947,789.88","947,789.88","947,789.88","947,789.88","947,789.88","947,789.88","947,789.88","947,789.88","947,789.88","947,789.88","947,789.88","947,789.88","947,789.88","947,789.88","947,789.88","947,789.88","947,789.88","947,789.88","947,789.88","947,789.88","947,789.88","947,789.88","947,789.88","947,789.88","947,789.88","947,789.88","947,789.88","947,789.88","947,789.88","947,789.88","947,789.88","947,789.88","947,789.88","947,789.88","947,789.88","947,789.88","947,789.88","947,789.88","947,789.88","947,789.88","947,789.88","947,789.88","947,789.88","947,789.88","947,789.88","947,789.88","947,789.88","947,789.88","947,789.88","947,789.88","947,789.88","947,789.88","947,789.88","947,789.88","947,789.88","410,708.74",0.00,0.00,0.04
 ,09.999,Project Contingency,"70,547,159.90",0.00,"70,547,159.90",0.00,"70,547,159.90",0.00,0.00,0.00,0.00,0.00,0.00,0.00,0.00,0.00,0.00,0.00,0.00,0.00,0.00,0.00,0.00,0.00,0.00,0.00,0.00,0.00,0.00,0.00,0.00,0.00,0.00,0.00,0.00,0.00,0.00,0.00,0.00,0.00,0.00,0.00,0.00,0.00,0.00,0.00,0.00,0.00,0.00,0.00,0.00,0.00,0.00,0.00,0.00,0.00,0.00,0.00,0.00,0.00,0.00,0.00,0.00,0.00,0.00,0.00,0.00,0.00,0.00,0.00,0.00,0.00,0.00,"947,789.88","947,789.88","947,789.88","947,789.88","947,789.88","947,789.88","947,789.88","947,789.88","947,789.88","947,789.88","947,789.88","947,789.88","947,789.88","947,789.88","947,789.88","947,789.88","947,789.88","947,789.88","947,789.88","947,789.88","947,789.88","947,789.88","947,789.88","947,789.88","947,789.88","947,789.88","947,789.88","947,789.88","947,789.88","947,789.88","947,789.88","947,789.88","947,789.88","947,789.88","947,789.88","947,789.88","947,789.88","947,789.88","947,789.88","947,789.88","947,789.88","947,789.88","947,789.88","947,789.88","947,789.88","947,789.88","947,789.88","947,789.88","947,789.88","947,789.88","947,789.88","947,789.88","947,789.88","947,789.88","947,789.88","947,789.88","947,789.88","947,789.88","947,789.88","947,789.88","947,789.88","947,789.88","947,789.88","947,789.88","947,789.88","947,789.88","947,789.88","947,789.88","947,789.88","947,789.88","947,789.88","947,789.88","947,789.88","947,789.88","410,708.74",0.00,0.00,0.04
 ,"Total 
Schedule Percent Complete", ,"2,113,000,000.00","57,406,038.93","2,113,000,000.00","33,034,515.30","2,093,000,645.00","0.00
0","0.00
0","0.00
0","0.00
0","0.00
0","0.00
0","0.00
0","0.00
0","0.00
0","0.00
0","0.00
0","0.00
0","0.00
0","3,626.00
0","9,207.00
0","5,844.00
0","6,518.25
0","7,943.00
0","27,040.75
0","60,757.35
0","58,331.25
0","52,491.45
0","61,400.50
0","45,980.50
0","99,014.00
0","52,194.50
0","111,059.50
0","60,518.50
0","103,256.50
0","114,568.00
0","651,130.22
0","692,672.04
0","1,326,292.82
0","126,067.75
0","1,610,152.17
0","150,407.90
0","1,031,033.00
0","1,491,775.13
0","631,682.29
0","590,539.65
0","188,083.37
0","1,648,517.26
0","1,078,131.08
0","1,094,143.43
0","2,970,048.67
0","558,689.14
0","2,127,755.29
0","433,922.03
0","204,132.50
0","4,528,037.98
0","4,733,091.81
0","2,071,175.14
0","2,217,283.58
0","2,553,967.81
23.85","2,365,178.36
24.30","2,235,901.20
24.73","2,149,291.41
25.19","2,092,548.61
25.66","2,056,162.45
26.09","2,033,341.85
26.54","2,019,339.22
27.00","2,010,936.52
27.48","2,006,001.57
28.43","2,003,166.80
30.16","2,257,072.75
32.21","3,161,433.08
34.58","27,876,067.10
36.84","27,875,819.28
38.98","27,875,691.72
40.79","27,875,622.28
42.61","27,875,233.65
44.42","27,869,973.38
46.23","27,869,973.22
47.96","27,869,972.89
49.77","27,869,972.37
51.66","27,869,966.29
52.95","27,869,970.02
54.25","27,869,967.66
55.67","27,869,963.87
56.90","27,869,957.99
58.32","27,869,948.98
59.68","27,869,930.23
60.98","27,869,915.39
62.40","27,869,886.32
63.69","27,869,844.82
65.05","27,869,786.74
66.41","27,869,706.83
67.71","27,869,598.89
69.13","27,869,450.50
70.36","27,869,268.99
71.72","27,869,030.07
73.02","27,868,729.71
74.44","27,868,358.83
75.59","27,867,909.08
76.17","27,867,368.42
76.65","27,507,382.01
77.06","26,885,941.39
77.53","26,885,128.88
77.98","26,884,228.33
78.42","26,883,248.00
78.89","26,882,195.26
79.30","26,881,099.28
79.73","26,879,964.09
80.19","26,878,814.17
80.66","26,877,670.10
81.07","26,876,552.13
81.54","26,875,475.09
82.00","26,874,467.89
82.43","26,873,531.52
82.90","26,872,680.08
83.33","26,871,919.66
83.79","26,871,252.67
84.26","26,870,678.04
84.67","26,870,188.10
85.10","26,869,787.78
85.56","26,869,457.93
86.01","26,869,193.51
86.44","26,868,985.32
86.91","26,868,824.31
87.35","26,868,698.39
87.80","26,868,610.78
88.27","26,868,543.96
88.68","26,868,495.84
89.16","26,868,461.84
89.61","26,868,438.23
90.02","26,868,418.55
90.49","26,868,411.37
90.95","26,868,404.30
91.38","26,868,399.72
91.83","26,868,396.80
92.28","26,868,395.00
92.74","26,868,393.90
93.19","26,868,389.62
93.62","26,868,392.84
94.07","26,868,392.59
94.55","26,868,392.47
94.98","26,868,392.39
95.39","26,868,392.37
96.13","26,868,388.73
97.00","26,868,392.32
97.90","11,852,698.97
98.81","370,119.08
99.67","370,119.08
100","296,097.87
100"
